,date_time,round_time,date_cycletime,date,cycletime,year,month,day,nam_nc_files_path,mur_nc_files_path,vis
0,20200102 05:55:00,20200102 06:00:00,20200102_0000,20200102,0000,2020,01,02,/data1/fog-data/fog-maps/2020/2020002/maps_20200102_0000_000_input.nc,[],10.0
1,20200102 11:55:00,20200102 12:00:00,20200102_0600,20200102,0600,2020,01,02,/data1/fog-data/fog-maps/2020/2020002/maps_20200102_0600_000_input.nc,[],10.0
2,20200102 17:55:00,20200102 18:00:00,20200102_1200,20200102,1200,2020,01,02,/data1/fog-data/fog-maps/2020/2020002/maps_20200102_1200_000_input.nc,[],10.0
3,20200102 23:55:00,20200103 00:00:00,20200102_1800,20200102,1800,2020,01,02,/data1/fog-data/fog-maps/2020/2020002/maps_20200102_1800_000_input.nc,[],10.0
4,20200103 05:55:00,20200103 06:00:00,20200103_0000,20200103,0000,2020,01,03,/data1/fog-data/fog-maps/2020/2020003/maps_20200103_0000_000_input.nc,[],10.0
5,20200103 11:55:00,20200103 12:00:00,20200103_0600,20200103,0600,2020,01,03,/data1/fog-data/fog-maps/2020/2020003/maps_20200103_0600_000_input.nc,[],10.0
6,20200103 17:55:00,20200103 18:00:00,20200103_1200,20200103,1200,2020,01,03,/data1/fog-data/fog-maps/2020/2020003/maps_20200103_1200_000_input.nc,[],10.0
7,20200103 23:55:00,20200104 00:00:00,20200103_1800,20200103,1800,2020,01,03,/data1/fog-data/fog-maps/2020/2020003/maps_20200103_1800_000_input.nc,[],10.0
8,20200104 05:55:00,20200104 06:00:00,20200104_0000,20200104,0000,2020,01,04,/data1/fog-data/fog-maps/2020/2020004/maps_20200104_0000_000_input.nc,[],10.0
9,20200104 11:55:00,20200104 12:00:00,20200104_0600,20200104,0600,2020,01,04,/data1/fog-data/fog-maps/2020/2020004/maps_20200104_0600_000_input.nc,[],10.0
10,20200104 17:55:00,20200104 18:00:00,20200104_1200,20200104,1200,2020,01,04,/data1/fog-data/fog-maps/2020/2020004/maps_20200104_1200_000_input.nc,[],10.0
11,20200104 23:55:00,20200105 00:00:00,20200104_1800,20200104,1800,2020,01,04,/data1/fog-data/fog-maps/2020/2020004/maps_20200104_1800_000_input.nc,[],10.0
12,20200105 05:55:00,20200105 06:00:00,20200105_0000,20200105,0000,2020,01,05,/data1/fog-data/fog-maps/2020/2020005/maps_20200105_0000_000_input.nc,[],10.0
13,20200105 11:55:00,20200105 12:00:00,20200105_0600,20200105,0600,2020,01,05,/data1/fog-data/fog-maps/2020/2020005/maps_20200105_0600_000_input.nc,[],10.0
14,20200105 17:55:00,20200105 18:00:00,20200105_1200,20200105,1200,2020,01,05,/data1/fog-data/fog-maps/2020/2020005/maps_20200105_1200_000_input.nc,[],10.0
15,20200105 23:55:00,20200106 00:00:00,20200105_1800,20200105,1800,2020,01,05,/data1/fog-data/fog-maps/2020/2020005/maps_20200105_1800_000_input.nc,[],10.0
16,20200106 05:55:00,20200106 06:00:00,20200106_0000,20200106,0000,2020,01,06,/data1/fog-data/fog-maps/2020/2020006/maps_20200106_0000_000_input.nc,[],10.0
17,20200106 11:55:00,20200106 12:00:00,20200106_0600,20200106,0600,2020,01,06,/data1/fog-data/fog-maps/2020/2020006/maps_20200106_0600_000_input.nc,[],10.0
18,20200106 17:55:00,20200106 18:00:00,20200106_1200,20200106,1200,2020,01,06,/data1/fog-data/fog-maps/2020/2020006/maps_20200106_1200_000_input.nc,[],10.0
19,20200106 23:55:00,20200107 00:00:00,20200106_1800,20200106,1800,2020,01,06,/data1/fog-data/fog-maps/2020/2020006/maps_20200106_1800_000_input.nc,[],10.0
20,20200107 05:55:00,20200107 06:00:00,20200107_0000,20200107,0000,2020,01,07,/data1/fog-data/fog-maps/2020/2020007/maps_20200107_0000_000_input.nc,[],10.0
21,20200107 11:55:00,20200107 12:00:00,20200107_0600,20200107,0600,2020,01,07,/data1/fog-data/fog-maps/2020/2020007/maps_20200107_0600_000_input.nc,[],10.0
22,20200107 17:55:00,20200107 18:00:00,20200107_1200,20200107,1200,2020,01,07,/data1/fog-data/fog-maps/2020/2020007/maps_20200107_1200_000_input.nc,[],10.0
23,20200107 23:55:00,20200108 00:00:00,20200107_1800,20200107,1800,2020,01,07,/data1/fog-data/fog-maps/2020/2020007/maps_20200107_1800_000_input.nc,[],10.0
24,20200108 05:55:00,20200108 06:00:00,20200108_0000,20200108,0000,2020,01,08,/data1/fog-data/fog-maps/2020/2020008/maps_20200108_0000_000_input.nc,[],10.0
25,20200108 11:55:00,20200108 12:00:00,20200108_0600,20200108,0600,2020,01,08,/data1/fog-data/fog-maps/2020/2020008/maps_20200108_0600_000_input.nc,[],10.0
26,20200108 17:55:00,20200108 18:00:00,20200108_1200,20200108,1200,2020,01,08,/data1/fog-data/fog-maps/2020/2020008/maps_20200108_1200_000_input.nc,[],10.0
27,20200108 23:55:00,20200109 00:00:00,20200108_1800,20200108,1800,2020,01,08,/data1/fog-data/fog-maps/2020/2020008/maps_20200108_1800_000_input.nc,[],10.0
28,20200109 05:55:00,20200109 06:00:00,20200109_0000,20200109,0000,2020,01,09,/data1/fog-data/fog-maps/2020/2020009/maps_20200109_0000_000_input.nc,[],10.0
29,20200109 11:55:00,20200109 12:00:00,20200109_0600,20200109,0600,2020,01,09,/data1/fog-data/fog-maps/2020/2020009/maps_20200109_0600_000_input.nc,[],7.0
30,20200109 17:55:00,20200109 18:00:00,20200109_1200,20200109,1200,2020,01,09,/data1/fog-data/fog-maps/2020/2020009/maps_20200109_1200_000_input.nc,[],7.0
31,20200109 23:55:00,20200110 00:00:00,20200109_1800,20200109,1800,2020,01,09,/data1/fog-data/fog-maps/2020/2020009/maps_20200109_1800_000_input.nc,[],7.0
32,20200110 05:55:00,20200110 06:00:00,20200110_0000,20200110,0000,2020,01,10,/data1/fog-data/fog-maps/2020/2020010/maps_20200110_0000_000_input.nc,[],7.0
33,20200110 11:55:00,20200110 12:00:00,20200110_0600,20200110,0600,2020,01,10,/data1/fog-data/fog-maps/2020/2020010/maps_20200110_0600_000_input.nc,[],7.0
34,20200110 17:55:00,20200110 18:00:00,20200110_1200,20200110,1200,2020,01,10,/data1/fog-data/fog-maps/2020/2020010/maps_20200110_1200_000_input.nc,[],7.0
35,20200110 23:55:00,20200111 00:00:00,20200110_1800,20200110,1800,2020,01,10,/data1/fog-data/fog-maps/2020/2020010/maps_20200110_1800_000_input.nc,[],4.0
36,20200112 05:55:00,20200112 06:00:00,20200112_0000,20200112,0000,2020,01,12,/data1/fog-data/fog-maps/2020/2020012/maps_20200112_0000_000_input.nc,[],10.0
37,20200112 11:55:00,20200112 12:00:00,20200112_0600,20200112,0600,2020,01,12,/data1/fog-data/fog-maps/2020/2020012/maps_20200112_0600_000_input.nc,[],10.0
38,20200112 17:55:00,20200112 18:00:00,20200112_1200,20200112,1200,2020,01,12,/data1/fog-data/fog-maps/2020/2020012/maps_20200112_1200_000_input.nc,[],10.0
39,20200112 23:55:00,20200113 00:00:00,20200112_1800,20200112,1800,2020,01,12,/data1/fog-data/fog-maps/2020/2020012/maps_20200112_1800_000_input.nc,[],10.0
40,20200113 05:55:00,20200113 06:00:00,20200113_0000,20200113,0000,2020,01,13,/data1/fog-data/fog-maps/2020/2020013/maps_20200113_0000_000_input.nc,[],10.0
41,20200113 11:55:00,20200113 12:00:00,20200113_0600,20200113,0600,2020,01,13,/data1/fog-data/fog-maps/2020/2020013/maps_20200113_0600_000_input.nc,[],7.0
42,20200113 17:55:00,20200113 18:00:00,20200113_1200,20200113,1200,2020,01,13,/data1/fog-data/fog-maps/2020/2020013/maps_20200113_1200_000_input.nc,[],10.0
43,20200113 23:55:00,20200114 00:00:00,20200113_1800,20200113,1800,2020,01,13,/data1/fog-data/fog-maps/2020/2020013/maps_20200113_1800_000_input.nc,[],0.25
44,20200114 05:55:00,20200114 06:00:00,20200114_0000,20200114,0000,2020,01,14,/data1/fog-data/fog-maps/2020/2020014/maps_20200114_0000_000_input.nc,[],0.5
45,20200114 11:55:00,20200114 12:00:00,20200114_0600,20200114,0600,2020,01,14,/data1/fog-data/fog-maps/2020/2020014/maps_20200114_0600_000_input.nc,[],0.75
46,20200114 17:55:00,20200114 18:00:00,20200114_1200,20200114,1200,2020,01,14,/data1/fog-data/fog-maps/2020/2020014/maps_20200114_1200_000_input.nc,[],0.25
47,20200114 23:55:00,20200115 00:00:00,20200114_1800,20200114,1800,2020,01,14,/data1/fog-data/fog-maps/2020/2020014/maps_20200114_1800_000_input.nc,[],0.5
48,20200115 05:55:00,20200115 06:00:00,20200115_0000,20200115,0000,2020,01,15,/data1/fog-data/fog-maps/2020/2020015/maps_20200115_0000_000_input.nc,[],0.5
49,20200115 11:55:00,20200115 12:00:00,20200115_0600,20200115,0600,2020,01,15,/data1/fog-data/fog-maps/2020/2020015/maps_20200115_0600_000_input.nc,[],3.0
50,20200115 17:55:00,20200115 18:00:00,20200115_1200,20200115,1200,2020,01,15,/data1/fog-data/fog-maps/2020/2020015/maps_20200115_1200_000_input.nc,[],0.5
51,20200115 23:55:00,20200116 00:00:00,20200115_1800,20200115,1800,2020,01,15,/data1/fog-data/fog-maps/2020/2020015/maps_20200115_1800_000_input.nc,[],4.0
52,20200116 05:55:00,20200116 06:00:00,20200116_0000,20200116,0000,2020,01,16,/data1/fog-data/fog-maps/2020/2020016/maps_20200116_0000_000_input.nc,[],5.0
53,20200116 11:55:00,20200116 12:00:00,20200116_0600,20200116,0600,2020,01,16,/data1/fog-data/fog-maps/2020/2020016/maps_20200116_0600_000_input.nc,[],0.25
54,20200116 17:55:00,20200116 18:00:00,20200116_1200,20200116,1200,2020,01,16,/data1/fog-data/fog-maps/2020/2020016/maps_20200116_1200_000_input.nc,[],10.0
55,20200116 23:55:00,20200117 00:00:00,20200116_1800,20200116,1800,2020,01,16,/data1/fog-data/fog-maps/2020/2020016/maps_20200116_1800_000_input.nc,[],7.0
56,20200117 05:55:00,20200117 06:00:00,20200117_0000,20200117,0000,2020,01,17,/data1/fog-data/fog-maps/2020/2020017/maps_20200117_0000_000_input.nc,[],0.75
57,20200117 11:55:00,20200117 12:00:00,20200117_0600,20200117,0600,2020,01,17,/data1/fog-data/fog-maps/2020/2020017/maps_20200117_0600_000_input.nc,[],3.0
58,20200117 17:55:00,20200117 18:00:00,20200117_1200,20200117,1200,2020,01,17,/data1/fog-data/fog-maps/2020/2020017/maps_20200117_1200_000_input.nc,[],10.0
59,20200117 23:55:00,20200118 00:00:00,20200117_1800,20200117,1800,2020,01,17,/data1/fog-data/fog-maps/2020/2020017/maps_20200117_1800_000_input.nc,[],10.0
60,20200118 05:55:00,20200118 06:00:00,20200118_0000,20200118,0000,2020,01,18,/data1/fog-data/fog-maps/2020/2020018/maps_20200118_0000_000_input.nc,[],7.0
61,20200118 11:55:00,20200118 12:00:00,20200118_0600,20200118,0600,2020,01,18,/data1/fog-data/fog-maps/2020/2020018/maps_20200118_0600_000_input.nc,[],2.5
62,20200118 17:55:00,20200118 18:00:00,20200118_1200,20200118,1200,2020,01,18,/data1/fog-data/fog-maps/2020/2020018/maps_20200118_1200_000_input.nc,[],10.0
63,20200118 23:55:00,20200119 00:00:00,20200118_1800,20200118,1800,2020,01,18,/data1/fog-data/fog-maps/2020/2020018/maps_20200118_1800_000_input.nc,[],10.0
64,20200119 05:55:00,20200119 06:00:00,20200119_0000,20200119,0000,2020,01,19,/data1/fog-data/fog-maps/2020/2020019/maps_20200119_0000_000_input.nc,[],10.0
65,20200119 11:55:00,20200119 12:00:00,20200119_0600,20200119,0600,2020,01,19,/data1/fog-data/fog-maps/2020/2020019/maps_20200119_0600_000_input.nc,[],10.0
66,20200119 17:55:00,20200119 18:00:00,20200119_1200,20200119,1200,2020,01,19,/data1/fog-data/fog-maps/2020/2020019/maps_20200119_1200_000_input.nc,[],10.0
67,20200119 23:55:00,20200120 00:00:00,20200119_1800,20200119,1800,2020,01,19,/data1/fog-data/fog-maps/2020/2020019/maps_20200119_1800_000_input.nc,[],10.0
68,20200120 05:55:00,20200120 06:00:00,20200120_0000,20200120,0000,2020,01,20,/data1/fog-data/fog-maps/2020/2020020/maps_20200120_0000_000_input.nc,[],10.0
69,20200120 11:55:00,20200120 12:00:00,20200120_0600,20200120,0600,2020,01,20,/data1/fog-data/fog-maps/2020/2020020/maps_20200120_0600_000_input.nc,[],10.0
70,20200120 17:55:00,20200120 18:00:00,20200120_1200,20200120,1200,2020,01,20,/data1/fog-data/fog-maps/2020/2020020/maps_20200120_1200_000_input.nc,[],10.0
71,20200120 23:55:00,20200121 00:00:00,20200120_1800,20200120,1800,2020,01,20,/data1/fog-data/fog-maps/2020/2020020/maps_20200120_1800_000_input.nc,[],10.0
72,20200121 05:55:00,20200121 06:00:00,20200121_0000,20200121,0000,2020,01,21,/data1/fog-data/fog-maps/2020/2020021/maps_20200121_0000_000_input.nc,[],10.0
73,20200121 11:55:00,20200121 12:00:00,20200121_0600,20200121,0600,2020,01,21,/data1/fog-data/fog-maps/2020/2020021/maps_20200121_0600_000_input.nc,[],10.0
74,20200121 17:55:00,20200121 18:00:00,20200121_1200,20200121,1200,2020,01,21,/data1/fog-data/fog-maps/2020/2020021/maps_20200121_1200_000_input.nc,[],10.0
75,20200121 23:55:00,20200122 00:00:00,20200121_1800,20200121,1800,2020,01,21,/data1/fog-data/fog-maps/2020/2020021/maps_20200121_1800_000_input.nc,[],10.0
76,20200123 05:55:00,20200123 06:00:00,20200123_0000,20200123,0000,2020,01,23,/data1/fog-data/fog-maps/2020/2020023/maps_20200123_0000_000_input.nc,[],3.5
77,20200123 11:55:00,20200123 12:00:00,20200123_0600,20200123,0600,2020,01,23,/data1/fog-data/fog-maps/2020/2020023/maps_20200123_0600_000_input.nc,[],0.5
78,20200123 17:55:00,20200123 18:00:00,20200123_1200,20200123,1200,2020,01,23,/data1/fog-data/fog-maps/2020/2020023/maps_20200123_1200_000_input.nc,[],10.0
79,20200123 23:55:00,20200124 00:00:00,20200123_1800,20200123,1800,2020,01,23,/data1/fog-data/fog-maps/2020/2020023/maps_20200123_1800_000_input.nc,[],10.0
80,20200124 05:55:00,20200124 06:00:00,20200124_0000,20200124,0000,2020,01,24,/data1/fog-data/fog-maps/2020/2020024/maps_20200124_0000_000_input.nc,[],10.0
81,20200124 11:55:00,20200124 12:00:00,20200124_0600,20200124,0600,2020,01,24,/data1/fog-data/fog-maps/2020/2020024/maps_20200124_0600_000_input.nc,[],10.0
82,20200124 17:55:00,20200124 18:00:00,20200124_1200,20200124,1200,2020,01,24,/data1/fog-data/fog-maps/2020/2020024/maps_20200124_1200_000_input.nc,[],10.0
83,20200124 23:55:00,20200125 00:00:00,20200124_1800,20200124,1800,2020,01,24,/data1/fog-data/fog-maps/2020/2020024/maps_20200124_1800_000_input.nc,[],10.0
84,20200125 05:55:00,20200125 06:00:00,20200125_0000,20200125,0000,2020,01,25,/data1/fog-data/fog-maps/2020/2020025/maps_20200125_0000_000_input.nc,[],10.0
85,20200125 11:55:00,20200125 12:00:00,20200125_0600,20200125,0600,2020,01,25,/data1/fog-data/fog-maps/2020/2020025/maps_20200125_0600_000_input.nc,[],10.0
86,20200125 17:55:00,20200125 18:00:00,20200125_1200,20200125,1200,2020,01,25,/data1/fog-data/fog-maps/2020/2020025/maps_20200125_1200_000_input.nc,[],10.0
87,20200125 23:55:00,20200126 00:00:00,20200125_1800,20200125,1800,2020,01,25,/data1/fog-data/fog-maps/2020/2020025/maps_20200125_1800_000_input.nc,[],10.0
88,20200126 05:55:00,20200126 06:00:00,20200126_0000,20200126,0000,2020,01,26,/data1/fog-data/fog-maps/2020/2020026/maps_20200126_0000_000_input.nc,[],7.0
89,20200126 11:55:00,20200126 12:00:00,20200126_0600,20200126,0600,2020,01,26,/data1/fog-data/fog-maps/2020/2020026/maps_20200126_0600_000_input.nc,[],4.0
90,20200126 17:55:00,20200126 18:00:00,20200126_1200,20200126,1200,2020,01,26,/data1/fog-data/fog-maps/2020/2020026/maps_20200126_1200_000_input.nc,[],10.0
91,20200126 23:55:00,20200127 00:00:00,20200126_1800,20200126,1800,2020,01,26,/data1/fog-data/fog-maps/2020/2020026/maps_20200126_1800_000_input.nc,[],10.0
92,20200127 05:55:00,20200127 06:00:00,20200127_0000,20200127,0000,2020,01,27,/data1/fog-data/fog-maps/2020/2020027/maps_20200127_0000_000_input.nc,[],1.0
93,20200127 11:55:00,20200127 12:00:00,20200127_0600,20200127,0600,2020,01,27,/data1/fog-data/fog-maps/2020/2020027/maps_20200127_0600_000_input.nc,[],0.25
94,20200127 17:55:00,20200127 18:00:00,20200127_1200,20200127,1200,2020,01,27,/data1/fog-data/fog-maps/2020/2020027/maps_20200127_1200_000_input.nc,[],10.0
95,20200127 23:55:00,20200128 00:00:00,20200127_1800,20200127,1800,2020,01,27,/data1/fog-data/fog-maps/2020/2020027/maps_20200127_1800_000_input.nc,[],10.0
96,20200128 05:55:00,20200128 06:00:00,20200128_0000,20200128,0000,2020,01,28,/data1/fog-data/fog-maps/2020/2020028/maps_20200128_0000_000_input.nc,[],10.0
97,20200128 11:55:00,20200128 12:00:00,20200128_0600,20200128,0600,2020,01,28,/data1/fog-data/fog-maps/2020/2020028/maps_20200128_0600_000_input.nc,[],10.0
98,20200128 17:55:00,20200128 18:00:00,20200128_1200,20200128,1200,2020,01,28,/data1/fog-data/fog-maps/2020/2020028/maps_20200128_1200_000_input.nc,[],10.0
99,20200128 23:55:00,20200129 00:00:00,20200128_1800,20200128,1800,2020,01,28,/data1/fog-data/fog-maps/2020/2020028/maps_20200128_1800_000_input.nc,[],10.0
100,20200129 05:55:00,20200129 06:00:00,20200129_0000,20200129,0000,2020,01,29,/data1/fog-data/fog-maps/2020/2020029/maps_20200129_0000_000_input.nc,[],10.0
101,20200129 11:55:00,20200129 12:00:00,20200129_0600,20200129,0600,2020,01,29,/data1/fog-data/fog-maps/2020/2020029/maps_20200129_0600_000_input.nc,[],10.0
102,20200129 17:55:00,20200129 18:00:00,20200129_1200,20200129,1200,2020,01,29,/data1/fog-data/fog-maps/2020/2020029/maps_20200129_1200_000_input.nc,[],10.0
103,20200129 23:55:00,20200130 00:00:00,20200129_1800,20200129,1800,2020,01,29,/data1/fog-data/fog-maps/2020/2020029/maps_20200129_1800_000_input.nc,[],10.0
104,20200131 05:55:00,20200131 06:00:00,20200131_0000,20200131,0000,2020,01,31,/data1/fog-data/fog-maps/2020/2020031/maps_20200131_0000_000_input.nc,[],10.0
105,20200131 11:55:00,20200131 12:00:00,20200131_0600,20200131,0600,2020,01,31,/data1/fog-data/fog-maps/2020/2020031/maps_20200131_0600_000_input.nc,[],10.0
106,20200131 17:55:00,20200131 18:00:00,20200131_1200,20200131,1200,2020,01,31,/data1/fog-data/fog-maps/2020/2020031/maps_20200131_1200_000_input.nc,[],10.0
107,20200131 23:55:00,20200201 00:00:00,20200131_1800,20200131,1800,2020,01,31,/data1/fog-data/fog-maps/2020/2020031/maps_20200131_1800_000_input.nc,[],10.0
108,20200202 05:55:00,20200202 06:00:00,20200202_0000,20200202,0000,2020,02,02,/data1/fog-data/fog-maps/2020/2020033/maps_20200202_0000_000_input.nc,[],10.0
109,20200202 11:55:00,20200202 12:00:00,20200202_0600,20200202,0600,2020,02,02,/data1/fog-data/fog-maps/2020/2020033/maps_20200202_0600_000_input.nc,[],10.0
110,20200202 17:55:00,20200202 18:00:00,20200202_1200,20200202,1200,2020,02,02,/data1/fog-data/fog-maps/2020/2020033/maps_20200202_1200_000_input.nc,[],10.0
111,20200202 23:55:00,20200203 00:00:00,20200202_1800,20200202,1800,2020,02,02,/data1/fog-data/fog-maps/2020/2020033/maps_20200202_1800_000_input.nc,[],10.0
112,20200203 05:55:00,20200203 06:00:00,20200203_0000,20200203,0000,2020,02,03,/data1/fog-data/fog-maps/2020/2020034/maps_20200203_0000_000_input.nc,[],10.0
113,20200203 11:55:00,20200203 12:00:00,20200203_0600,20200203,0600,2020,02,03,/data1/fog-data/fog-maps/2020/2020034/maps_20200203_0600_000_input.nc,[],10.0
114,20200203 17:55:00,20200203 18:00:00,20200203_1200,20200203,1200,2020,02,03,/data1/fog-data/fog-maps/2020/2020034/maps_20200203_1200_000_input.nc,[],10.0
115,20200203 23:55:00,20200204 00:00:00,20200203_1800,20200203,1800,2020,02,03,/data1/fog-data/fog-maps/2020/2020034/maps_20200203_1800_000_input.nc,[],10.0
116,20200204 05:55:00,20200204 06:00:00,20200204_0000,20200204,0000,2020,02,04,/data1/fog-data/fog-maps/2020/2020035/maps_20200204_0000_000_input.nc,[],10.0
117,20200204 11:55:00,20200204 12:00:00,20200204_0600,20200204,0600,2020,02,04,/data1/fog-data/fog-maps/2020/2020035/maps_20200204_0600_000_input.nc,[],5.0
118,20200204 17:55:00,20200204 18:00:00,20200204_1200,20200204,1200,2020,02,04,/data1/fog-data/fog-maps/2020/2020035/maps_20200204_1200_000_input.nc,[],7.0
119,20200204 23:55:00,20200205 00:00:00,20200204_1800,20200204,1800,2020,02,04,/data1/fog-data/fog-maps/2020/2020035/maps_20200204_1800_000_input.nc,[],7.0
120,20200205 05:55:00,20200205 06:00:00,20200205_0000,20200205,0000,2020,02,05,/data1/fog-data/fog-maps/2020/2020036/maps_20200205_0000_000_input.nc,[],0.25
121,20200205 11:55:00,20200205 12:00:00,20200205_0600,20200205,0600,2020,02,05,/data1/fog-data/fog-maps/2020/2020036/maps_20200205_0600_000_input.nc,[],7.0
122,20200205 17:55:00,20200205 18:00:00,20200205_1200,20200205,1200,2020,02,05,/data1/fog-data/fog-maps/2020/2020036/maps_20200205_1200_000_input.nc,[],10.0
123,20200205 23:55:00,20200206 00:00:00,20200205_1800,20200205,1800,2020,02,05,/data1/fog-data/fog-maps/2020/2020036/maps_20200205_1800_000_input.nc,[],10.0
124,20200206 05:55:00,20200206 06:00:00,20200206_0000,20200206,0000,2020,02,06,/data1/fog-data/fog-maps/2020/2020037/maps_20200206_0000_000_input.nc,[],10.0
125,20200206 11:55:00,20200206 12:00:00,20200206_0600,20200206,0600,2020,02,06,/data1/fog-data/fog-maps/2020/2020037/maps_20200206_0600_000_input.nc,[],10.0
126,20200206 17:55:00,20200206 18:00:00,20200206_1200,20200206,1200,2020,02,06,/data1/fog-data/fog-maps/2020/2020037/maps_20200206_1200_000_input.nc,[],10.0
127,20200206 23:55:00,20200207 00:00:00,20200206_1800,20200206,1800,2020,02,06,/data1/fog-data/fog-maps/2020/2020037/maps_20200206_1800_000_input.nc,[],10.0
128,20200207 05:55:00,20200207 06:00:00,20200207_0000,20200207,0000,2020,02,07,/data1/fog-data/fog-maps/2020/2020038/maps_20200207_0000_000_input.nc,[],10.0
129,20200207 11:55:00,20200207 12:00:00,20200207_0600,20200207,0600,2020,02,07,/data1/fog-data/fog-maps/2020/2020038/maps_20200207_0600_000_input.nc,[],10.0
130,20200207 17:55:00,20200207 18:00:00,20200207_1200,20200207,1200,2020,02,07,/data1/fog-data/fog-maps/2020/2020038/maps_20200207_1200_000_input.nc,[],10.0
131,20200207 23:55:00,20200208 00:00:00,20200207_1800,20200207,1800,2020,02,07,/data1/fog-data/fog-maps/2020/2020038/maps_20200207_1800_000_input.nc,[],10.0
132,20200208 05:55:00,20200208 06:00:00,20200208_0000,20200208,0000,2020,02,08,/data1/fog-data/fog-maps/2020/2020039/maps_20200208_0000_000_input.nc,[],10.0
133,20200208 11:55:00,20200208 12:00:00,20200208_0600,20200208,0600,2020,02,08,/data1/fog-data/fog-maps/2020/2020039/maps_20200208_0600_000_input.nc,[],10.0
134,20200208 17:55:00,20200208 18:00:00,20200208_1200,20200208,1200,2020,02,08,/data1/fog-data/fog-maps/2020/2020039/maps_20200208_1200_000_input.nc,[],10.0
135,20200208 23:55:00,20200209 00:00:00,20200208_1800,20200208,1800,2020,02,08,/data1/fog-data/fog-maps/2020/2020039/maps_20200208_1800_000_input.nc,[],10.0
136,20200209 05:55:00,20200209 06:00:00,20200209_0000,20200209,0000,2020,02,09,/data1/fog-data/fog-maps/2020/2020040/maps_20200209_0000_000_input.nc,[],10.0
137,20200209 11:55:00,20200209 12:00:00,20200209_0600,20200209,0600,2020,02,09,/data1/fog-data/fog-maps/2020/2020040/maps_20200209_0600_000_input.nc,[],10.0
138,20200209 17:55:00,20200209 18:00:00,20200209_1200,20200209,1200,2020,02,09,/data1/fog-data/fog-maps/2020/2020040/maps_20200209_1200_000_input.nc,[],7.0
139,20200209 23:55:00,20200210 00:00:00,20200209_1800,20200209,1800,2020,02,09,/data1/fog-data/fog-maps/2020/2020040/maps_20200209_1800_000_input.nc,[],4.0
140,20200210 05:55:00,20200210 06:00:00,20200210_0000,20200210,0000,2020,02,10,/data1/fog-data/fog-maps/2020/2020041/maps_20200210_0000_000_input.nc,[],4.0
141,20200210 11:55:00,20200210 12:00:00,20200210_0600,20200210,0600,2020,02,10,/data1/fog-data/fog-maps/2020/2020041/maps_20200210_0600_000_input.nc,[],3.0
142,20200210 17:55:00,20200210 18:00:00,20200210_1200,20200210,1200,2020,02,10,/data1/fog-data/fog-maps/2020/2020041/maps_20200210_1200_000_input.nc,[],7.0
143,20200210 23:55:00,20200211 00:00:00,20200210_1800,20200210,1800,2020,02,10,/data1/fog-data/fog-maps/2020/2020041/maps_20200210_1800_000_input.nc,[],5.0
144,20200211 05:55:00,20200211 06:00:00,20200211_0000,20200211,0000,2020,02,11,/data1/fog-data/fog-maps/2020/2020042/maps_20200211_0000_000_input.nc,[],4.0
145,20200211 11:55:00,20200211 12:00:00,20200211_0600,20200211,0600,2020,02,11,/data1/fog-data/fog-maps/2020/2020042/maps_20200211_0600_000_input.nc,[],2.0
146,20200211 17:55:00,20200211 18:00:00,20200211_1200,20200211,1200,2020,02,11,/data1/fog-data/fog-maps/2020/2020042/maps_20200211_1200_000_input.nc,[],1.75
147,20200211 23:55:00,20200212 00:00:00,20200211_1800,20200211,1800,2020,02,11,/data1/fog-data/fog-maps/2020/2020042/maps_20200211_1800_000_input.nc,[],2.5
148,20200212 05:55:00,20200212 06:00:00,20200212_0000,20200212,0000,2020,02,12,/data1/fog-data/fog-maps/2020/2020043/maps_20200212_0000_000_input.nc,[],3.5
149,20200212 11:55:00,20200212 12:00:00,20200212_0600,20200212,0600,2020,02,12,/data1/fog-data/fog-maps/2020/2020043/maps_20200212_0600_000_input.nc,[],10.0
150,20200212 17:55:00,20200212 18:00:00,20200212_1200,20200212,1200,2020,02,12,/data1/fog-data/fog-maps/2020/2020043/maps_20200212_1200_000_input.nc,[],10.0
151,20200212 23:55:00,20200213 00:00:00,20200212_1800,20200212,1800,2020,02,12,/data1/fog-data/fog-maps/2020/2020043/maps_20200212_1800_000_input.nc,[],10.0
152,20200213 05:55:00,20200213 06:00:00,20200213_0000,20200213,0000,2020,02,13,/data1/fog-data/fog-maps/2020/2020044/maps_20200213_0000_000_input.nc,[],10.0
153,20200213 11:55:00,20200213 12:00:00,20200213_0600,20200213,0600,2020,02,13,/data1/fog-data/fog-maps/2020/2020044/maps_20200213_0600_000_input.nc,[],10.0
154,20200213 17:55:00,20200213 18:00:00,20200213_1200,20200213,1200,2020,02,13,/data1/fog-data/fog-maps/2020/2020044/maps_20200213_1200_000_input.nc,[],10.0
155,20200213 23:55:00,20200214 00:00:00,20200213_1800,20200213,1800,2020,02,13,/data1/fog-data/fog-maps/2020/2020044/maps_20200213_1800_000_input.nc,[],10.0
156,20200214 05:55:00,20200214 06:00:00,20200214_0000,20200214,0000,2020,02,14,/data1/fog-data/fog-maps/2020/2020045/maps_20200214_0000_000_input.nc,[],10.0
157,20200214 11:55:00,20200214 12:00:00,20200214_0600,20200214,0600,2020,02,14,/data1/fog-data/fog-maps/2020/2020045/maps_20200214_0600_000_input.nc,[],10.0
158,20200214 17:55:00,20200214 18:00:00,20200214_1200,20200214,1200,2020,02,14,/data1/fog-data/fog-maps/2020/2020045/maps_20200214_1200_000_input.nc,[],10.0
159,20200214 23:55:00,20200215 00:00:00,20200214_1800,20200214,1800,2020,02,14,/data1/fog-data/fog-maps/2020/2020045/maps_20200214_1800_000_input.nc,[],10.0
160,20200215 05:55:00,20200215 06:00:00,20200215_0000,20200215,0000,2020,02,15,/data1/fog-data/fog-maps/2020/2020046/maps_20200215_0000_000_input.nc,[],10.0
161,20200215 11:55:00,20200215 12:00:00,20200215_0600,20200215,0600,2020,02,15,/data1/fog-data/fog-maps/2020/2020046/maps_20200215_0600_000_input.nc,[],10.0
162,20200215 17:55:00,20200215 18:00:00,20200215_1200,20200215,1200,2020,02,15,/data1/fog-data/fog-maps/2020/2020046/maps_20200215_1200_000_input.nc,[],10.0
163,20200215 23:55:00,20200216 00:00:00,20200215_1800,20200215,1800,2020,02,15,/data1/fog-data/fog-maps/2020/2020046/maps_20200215_1800_000_input.nc,[],10.0
164,20200216 05:55:00,20200216 06:00:00,20200216_0000,20200216,0000,2020,02,16,/data1/fog-data/fog-maps/2020/2020047/maps_20200216_0000_000_input.nc,[],10.0
165,20200216 11:55:00,20200216 12:00:00,20200216_0600,20200216,0600,2020,02,16,/data1/fog-data/fog-maps/2020/2020047/maps_20200216_0600_000_input.nc,[],7.0
166,20200216 17:55:00,20200216 18:00:00,20200216_1200,20200216,1200,2020,02,16,/data1/fog-data/fog-maps/2020/2020047/maps_20200216_1200_000_input.nc,[],10.0
167,20200216 23:55:00,20200217 00:00:00,20200216_1800,20200216,1800,2020,02,16,/data1/fog-data/fog-maps/2020/2020047/maps_20200216_1800_000_input.nc,[],10.0
168,20200217 05:55:00,20200217 06:00:00,20200217_0000,20200217,0000,2020,02,17,/data1/fog-data/fog-maps/2020/2020048/maps_20200217_0000_000_input.nc,[],10.0
169,20200217 11:55:00,20200217 12:00:00,20200217_0600,20200217,0600,2020,02,17,/data1/fog-data/fog-maps/2020/2020048/maps_20200217_0600_000_input.nc,[],3.0
170,20200217 17:55:00,20200217 18:00:00,20200217_1200,20200217,1200,2020,02,17,/data1/fog-data/fog-maps/2020/2020048/maps_20200217_1200_000_input.nc,[],3.0
171,20200217 23:55:00,20200218 00:00:00,20200217_1800,20200217,1800,2020,02,17,/data1/fog-data/fog-maps/2020/2020048/maps_20200217_1800_000_input.nc,[],7.0
172,20200218 05:55:00,20200218 06:00:00,20200218_0000,20200218,0000,2020,02,18,/data1/fog-data/fog-maps/2020/2020049/maps_20200218_0000_000_input.nc,[],1.25
173,20200218 11:55:00,20200218 12:00:00,20200218_0600,20200218,0600,2020,02,18,/data1/fog-data/fog-maps/2020/2020049/maps_20200218_0600_000_input.nc,[],3.5
174,20200218 17:55:00,20200218 18:00:00,20200218_1200,20200218,1200,2020,02,18,/data1/fog-data/fog-maps/2020/2020049/maps_20200218_1200_000_input.nc,[],10.0
175,20200218 23:55:00,20200219 00:00:00,20200218_1800,20200218,1800,2020,02,18,/data1/fog-data/fog-maps/2020/2020049/maps_20200218_1800_000_input.nc,[],7.0
176,20200219 05:55:00,20200219 06:00:00,20200219_0000,20200219,0000,2020,02,19,/data1/fog-data/fog-maps/2020/2020050/maps_20200219_0000_000_input.nc,[],7.0
177,20200219 11:55:00,20200219 12:00:00,20200219_0600,20200219,0600,2020,02,19,/data1/fog-data/fog-maps/2020/2020050/maps_20200219_0600_000_input.nc,[],7.0
178,20200219 17:55:00,20200219 18:00:00,20200219_1200,20200219,1200,2020,02,19,/data1/fog-data/fog-maps/2020/2020050/maps_20200219_1200_000_input.nc,[],10.0
179,20200219 23:55:00,20200220 00:00:00,20200219_1800,20200219,1800,2020,02,19,/data1/fog-data/fog-maps/2020/2020050/maps_20200219_1800_000_input.nc,[],3.0
180,20200220 05:55:00,20200220 06:00:00,20200220_0000,20200220,0000,2020,02,20,/data1/fog-data/fog-maps/2020/2020051/maps_20200220_0000_000_input.nc,[],3.5
181,20200220 11:55:00,20200220 12:00:00,20200220_0600,20200220,0600,2020,02,20,/data1/fog-data/fog-maps/2020/2020051/maps_20200220_0600_000_input.nc,[],10.0
182,20200220 17:55:00,20200220 18:00:00,20200220_1200,20200220,1200,2020,02,20,/data1/fog-data/fog-maps/2020/2020051/maps_20200220_1200_000_input.nc,[],10.0
183,20200220 23:55:00,20200221 00:00:00,20200220_1800,20200220,1800,2020,02,20,/data1/fog-data/fog-maps/2020/2020051/maps_20200220_1800_000_input.nc,[],7.0
184,20200221 05:55:00,20200221 06:00:00,20200221_0000,20200221,0000,2020,02,21,/data1/fog-data/fog-maps/2020/2020052/maps_20200221_0000_000_input.nc,[],10.0
185,20200221 11:55:00,20200221 12:00:00,20200221_0600,20200221,0600,2020,02,21,/data1/fog-data/fog-maps/2020/2020052/maps_20200221_0600_000_input.nc,[],10.0
186,20200221 17:55:00,20200221 18:00:00,20200221_1200,20200221,1200,2020,02,21,/data1/fog-data/fog-maps/2020/2020052/maps_20200221_1200_000_input.nc,[],10.0
187,20200221 23:55:00,20200222 00:00:00,20200221_1800,20200221,1800,2020,02,21,/data1/fog-data/fog-maps/2020/2020052/maps_20200221_1800_000_input.nc,[],10.0
188,20200222 05:55:00,20200222 06:00:00,20200222_0000,20200222,0000,2020,02,22,/data1/fog-data/fog-maps/2020/2020053/maps_20200222_0000_000_input.nc,[],10.0
189,20200222 11:55:00,20200222 12:00:00,20200222_0600,20200222,0600,2020,02,22,/data1/fog-data/fog-maps/2020/2020053/maps_20200222_0600_000_input.nc,[],10.0
190,20200222 17:55:00,20200222 18:00:00,20200222_1200,20200222,1200,2020,02,22,/data1/fog-data/fog-maps/2020/2020053/maps_20200222_1200_000_input.nc,[],10.0
191,20200222 23:55:00,20200223 00:00:00,20200222_1800,20200222,1800,2020,02,22,/data1/fog-data/fog-maps/2020/2020053/maps_20200222_1800_000_input.nc,[],10.0
192,20200223 05:55:00,20200223 06:00:00,20200223_0000,20200223,0000,2020,02,23,/data1/fog-data/fog-maps/2020/2020054/maps_20200223_0000_000_input.nc,[],10.0
193,20200223 11:55:00,20200223 12:00:00,20200223_0600,20200223,0600,2020,02,23,/data1/fog-data/fog-maps/2020/2020054/maps_20200223_0600_000_input.nc,[],10.0
194,20200223 17:55:00,20200223 18:00:00,20200223_1200,20200223,1200,2020,02,23,/data1/fog-data/fog-maps/2020/2020054/maps_20200223_1200_000_input.nc,[],10.0
195,20200223 23:55:00,20200224 00:00:00,20200223_1800,20200223,1800,2020,02,23,/data1/fog-data/fog-maps/2020/2020054/maps_20200223_1800_000_input.nc,[],10.0
196,20200224 05:55:00,20200224 06:00:00,20200224_0000,20200224,0000,2020,02,24,/data1/fog-data/fog-maps/2020/2020055/maps_20200224_0000_000_input.nc,[],10.0
197,20200224 11:55:00,20200224 12:00:00,20200224_0600,20200224,0600,2020,02,24,/data1/fog-data/fog-maps/2020/2020055/maps_20200224_0600_000_input.nc,[],7.0
198,20200224 17:55:00,20200224 18:00:00,20200224_1200,20200224,1200,2020,02,24,/data1/fog-data/fog-maps/2020/2020055/maps_20200224_1200_000_input.nc,[],10.0
199,20200224 23:55:00,20200225 00:00:00,20200224_1800,20200224,1800,2020,02,24,/data1/fog-data/fog-maps/2020/2020055/maps_20200224_1800_000_input.nc,[],10.0
200,20200225 05:55:00,20200225 06:00:00,20200225_0000,20200225,0000,2020,02,25,/data1/fog-data/fog-maps/2020/2020056/maps_20200225_0000_000_input.nc,[],10.0
201,20200225 11:55:00,20200225 12:00:00,20200225_0600,20200225,0600,2020,02,25,/data1/fog-data/fog-maps/2020/2020056/maps_20200225_0600_000_input.nc,[],10.0
202,20200225 17:50:00,20200225 18:00:00,20200225_1200,20200225,1200,2020,02,25,/data1/fog-data/fog-maps/2020/2020056/maps_20200225_1200_000_input.nc,[],10.0
203,20200225 23:55:00,20200226 00:00:00,20200225_1800,20200225,1800,2020,02,25,/data1/fog-data/fog-maps/2020/2020056/maps_20200225_1800_000_input.nc,[],10.0
204,20200226 05:55:00,20200226 06:00:00,20200226_0000,20200226,0000,2020,02,26,/data1/fog-data/fog-maps/2020/2020057/maps_20200226_0000_000_input.nc,[],10.0
205,20200226 11:55:00,20200226 12:00:00,20200226_0600,20200226,0600,2020,02,26,/data1/fog-data/fog-maps/2020/2020057/maps_20200226_0600_000_input.nc,[],10.0
206,20200226 17:55:00,20200226 18:00:00,20200226_1200,20200226,1200,2020,02,26,/data1/fog-data/fog-maps/2020/2020057/maps_20200226_1200_000_input.nc,[],10.0
207,20200226 23:55:00,20200227 00:00:00,20200226_1800,20200226,1800,2020,02,26,/data1/fog-data/fog-maps/2020/2020057/maps_20200226_1800_000_input.nc,[],10.0
208,20200227 05:55:00,20200227 06:00:00,20200227_0000,20200227,0000,2020,02,27,/data1/fog-data/fog-maps/2020/2020058/maps_20200227_0000_000_input.nc,[],10.0
209,20200227 11:55:00,20200227 12:00:00,20200227_0600,20200227,0600,2020,02,27,/data1/fog-data/fog-maps/2020/2020058/maps_20200227_0600_000_input.nc,[],10.0
210,20200227 17:55:00,20200227 18:00:00,20200227_1200,20200227,1200,2020,02,27,/data1/fog-data/fog-maps/2020/2020058/maps_20200227_1200_000_input.nc,[],10.0
211,20200227 23:55:00,20200228 00:00:00,20200227_1800,20200227,1800,2020,02,27,/data1/fog-data/fog-maps/2020/2020058/maps_20200227_1800_000_input.nc,[],10.0
212,20200228 05:55:00,20200228 06:00:00,20200228_0000,20200228,0000,2020,02,28,/data1/fog-data/fog-maps/2020/2020059/maps_20200228_0000_000_input.nc,[],10.0
213,20200228 11:55:00,20200228 12:00:00,20200228_0600,20200228,0600,2020,02,28,/data1/fog-data/fog-maps/2020/2020059/maps_20200228_0600_000_input.nc,[],10.0
214,20200228 17:55:00,20200228 18:00:00,20200228_1200,20200228,1200,2020,02,28,/data1/fog-data/fog-maps/2020/2020059/maps_20200228_1200_000_input.nc,[],10.0
215,20200228 23:55:00,20200229 00:00:00,20200228_1800,20200228,1800,2020,02,28,/data1/fog-data/fog-maps/2020/2020059/maps_20200228_1800_000_input.nc,[],10.0
216,20200229 05:55:00,20200229 06:00:00,20200229_0000,20200229,0000,2020,02,29,/data1/fog-data/fog-maps/2020/2020060/maps_20200229_0000_000_input.nc,[],10.0
217,20200229 11:55:00,20200229 12:00:00,20200229_0600,20200229,0600,2020,02,29,/data1/fog-data/fog-maps/2020/2020060/maps_20200229_0600_000_input.nc,[],10.0
218,20200229 17:55:00,20200229 18:00:00,20200229_1200,20200229,1200,2020,02,29,/data1/fog-data/fog-maps/2020/2020060/maps_20200229_1200_000_input.nc,[],10.0
219,20200229 23:55:00,20200301 00:00:00,20200229_1800,20200229,1800,2020,02,29,/data1/fog-data/fog-maps/2020/2020060/maps_20200229_1800_000_input.nc,[],10.0
220,20200303 05:55:00,20200303 06:00:00,20200303_0000,20200303,0000,2020,03,03,/data1/fog-data/fog-maps/2020/2020063/maps_20200303_0000_000_input.nc,[],2.5
221,20200303 11:55:00,20200303 12:00:00,20200303_0600,20200303,0600,2020,03,03,/data1/fog-data/fog-maps/2020/2020063/maps_20200303_0600_000_input.nc,[],2.0
222,20200303 17:55:00,20200303 18:00:00,20200303_1200,20200303,1200,2020,03,03,/data1/fog-data/fog-maps/2020/2020063/maps_20200303_1200_000_input.nc,[],10.0
223,20200303 23:55:00,20200304 00:00:00,20200303_1800,20200303,1800,2020,03,03,/data1/fog-data/fog-maps/2020/2020063/maps_20200303_1800_000_input.nc,[],7.0
224,20200304 05:55:00,20200304 06:00:00,20200304_0000,20200304,0000,2020,03,04,/data1/fog-data/fog-maps/2020/2020064/maps_20200304_0000_000_input.nc,[],1.5
225,20200304 11:55:00,20200304 12:00:00,20200304_0600,20200304,0600,2020,03,04,/data1/fog-data/fog-maps/2020/2020064/maps_20200304_0600_000_input.nc,[],0.5
226,20200304 17:55:00,20200304 18:00:00,20200304_1200,20200304,1200,2020,03,04,/data1/fog-data/fog-maps/2020/2020064/maps_20200304_1200_000_input.nc,[],10.0
227,20200304 23:55:00,20200305 00:00:00,20200304_1800,20200304,1800,2020,03,04,/data1/fog-data/fog-maps/2020/2020064/maps_20200304_1800_000_input.nc,[],10.0
228,20200306 05:55:00,20200306 06:00:00,20200306_0000,20200306,0000,2020,03,06,/data1/fog-data/fog-maps/2020/2020066/maps_20200306_0000_000_input.nc,[],10.0
229,20200306 11:55:00,20200306 12:00:00,20200306_0600,20200306,0600,2020,03,06,/data1/fog-data/fog-maps/2020/2020066/maps_20200306_0600_000_input.nc,[],10.0
230,20200306 17:55:00,20200306 18:00:00,20200306_1200,20200306,1200,2020,03,06,/data1/fog-data/fog-maps/2020/2020066/maps_20200306_1200_000_input.nc,[],10.0
231,20200306 23:55:00,20200307 00:00:00,20200306_1800,20200306,1800,2020,03,06,/data1/fog-data/fog-maps/2020/2020066/maps_20200306_1800_000_input.nc,[],10.0
232,20200307 05:55:00,20200307 06:00:00,20200307_0000,20200307,0000,2020,03,07,/data1/fog-data/fog-maps/2020/2020067/maps_20200307_0000_000_input.nc,[],10.0
233,20200307 11:55:00,20200307 12:00:00,20200307_0600,20200307,0600,2020,03,07,/data1/fog-data/fog-maps/2020/2020067/maps_20200307_0600_000_input.nc,[],10.0
234,20200307 17:55:00,20200307 18:00:00,20200307_1200,20200307,1200,2020,03,07,/data1/fog-data/fog-maps/2020/2020067/maps_20200307_1200_000_input.nc,[],10.0
235,20200307 23:55:00,20200308 00:00:00,20200307_1800,20200307,1800,2020,03,07,/data1/fog-data/fog-maps/2020/2020067/maps_20200307_1800_000_input.nc,[],10.0
236,20200308 05:55:00,20200308 06:00:00,20200308_0000,20200308,0000,2020,03,08,/data1/fog-data/fog-maps/2020/2020068/maps_20200308_0000_000_input.nc,[],10.0
237,20200308 11:55:00,20200308 12:00:00,20200308_0600,20200308,0600,2020,03,08,/data1/fog-data/fog-maps/2020/2020068/maps_20200308_0600_000_input.nc,[],10.0
238,20200308 17:55:00,20200308 18:00:00,20200308_1200,20200308,1200,2020,03,08,/data1/fog-data/fog-maps/2020/2020068/maps_20200308_1200_000_input.nc,[],10.0
239,20200308 23:55:00,20200309 00:00:00,20200308_1800,20200308,1800,2020,03,08,/data1/fog-data/fog-maps/2020/2020068/maps_20200308_1800_000_input.nc,[],10.0
240,20200309 05:55:00,20200309 06:00:00,20200309_0000,20200309,0000,2020,03,09,/data1/fog-data/fog-maps/2020/2020069/maps_20200309_0000_000_input.nc,[],10.0
241,20200309 11:55:00,20200309 12:00:00,20200309_0600,20200309,0600,2020,03,09,/data1/fog-data/fog-maps/2020/2020069/maps_20200309_0600_000_input.nc,[],10.0
242,20200309 17:55:00,20200309 18:00:00,20200309_1200,20200309,1200,2020,03,09,/data1/fog-data/fog-maps/2020/2020069/maps_20200309_1200_000_input.nc,[],10.0
243,20200309 23:55:00,20200310 00:00:00,20200309_1800,20200309,1800,2020,03,09,/data1/fog-data/fog-maps/2020/2020069/maps_20200309_1800_000_input.nc,[],10.0
244,20200310 05:55:00,20200310 06:00:00,20200310_0000,20200310,0000,2020,03,10,/data1/fog-data/fog-maps/2020/2020070/maps_20200310_0000_000_input.nc,[],7.0
245,20200310 11:55:00,20200310 12:00:00,20200310_0600,20200310,0600,2020,03,10,/data1/fog-data/fog-maps/2020/2020070/maps_20200310_0600_000_input.nc,[],2.0
246,20200310 17:55:00,20200310 18:00:00,20200310_1200,20200310,1200,2020,03,10,/data1/fog-data/fog-maps/2020/2020070/maps_20200310_1200_000_input.nc,[],10.0
247,20200310 23:55:00,20200311 00:00:00,20200310_1800,20200310,1800,2020,03,10,/data1/fog-data/fog-maps/2020/2020070/maps_20200310_1800_000_input.nc,[],7.0
248,20200311 05:55:00,20200311 06:00:00,20200311_0000,20200311,0000,2020,03,11,/data1/fog-data/fog-maps/2020/2020071/maps_20200311_0000_000_input.nc,[],5.0
249,20200311 11:55:00,20200311 12:00:00,20200311_0600,20200311,0600,2020,03,11,/data1/fog-data/fog-maps/2020/2020071/maps_20200311_0600_000_input.nc,[],0.75
250,20200311 17:55:00,20200311 18:00:00,20200311_1200,20200311,1200,2020,03,11,/data1/fog-data/fog-maps/2020/2020071/maps_20200311_1200_000_input.nc,[],10.0
251,20200311 23:55:00,20200312 00:00:00,20200311_1800,20200311,1800,2020,03,11,/data1/fog-data/fog-maps/2020/2020071/maps_20200311_1800_000_input.nc,[],10.0
252,20200312 05:55:00,20200312 06:00:00,20200312_0000,20200312,0000,2020,03,12,/data1/fog-data/fog-maps/2020/2020072/maps_20200312_0000_000_input.nc,[],10.0
253,20200312 11:55:00,20200312 12:00:00,20200312_0600,20200312,0600,2020,03,12,/data1/fog-data/fog-maps/2020/2020072/maps_20200312_0600_000_input.nc,[],7.0
254,20200312 17:55:00,20200312 18:00:00,20200312_1200,20200312,1200,2020,03,12,/data1/fog-data/fog-maps/2020/2020072/maps_20200312_1200_000_input.nc,[],10.0
255,20200312 23:55:00,20200313 00:00:00,20200312_1800,20200312,1800,2020,03,12,/data1/fog-data/fog-maps/2020/2020072/maps_20200312_1800_000_input.nc,[],10.0
256,20200313 05:55:00,20200313 06:00:00,20200313_0000,20200313,0000,2020,03,13,/data1/fog-data/fog-maps/2020/2020073/maps_20200313_0000_000_input.nc,[],7.0
257,20200313 11:55:00,20200313 12:00:00,20200313_0600,20200313,0600,2020,03,13,/data1/fog-data/fog-maps/2020/2020073/maps_20200313_0600_000_input.nc,[],3.0
258,20200313 17:55:00,20200313 18:00:00,20200313_1200,20200313,1200,2020,03,13,/data1/fog-data/fog-maps/2020/2020073/maps_20200313_1200_000_input.nc,[],10.0
259,20200313 23:55:00,20200314 00:00:00,20200313_1800,20200313,1800,2020,03,13,/data1/fog-data/fog-maps/2020/2020073/maps_20200313_1800_000_input.nc,[],10.0
260,20200314 05:55:00,20200314 06:00:00,20200314_0000,20200314,0000,2020,03,14,/data1/fog-data/fog-maps/2020/2020074/maps_20200314_0000_000_input.nc,[],10.0
261,20200314 11:55:00,20200314 12:00:00,20200314_0600,20200314,0600,2020,03,14,/data1/fog-data/fog-maps/2020/2020074/maps_20200314_0600_000_input.nc,[],7.0
262,20200314 17:55:00,20200314 18:00:00,20200314_1200,20200314,1200,2020,03,14,/data1/fog-data/fog-maps/2020/2020074/maps_20200314_1200_000_input.nc,[],10.0
263,20200314 23:55:00,20200315 00:00:00,20200314_1800,20200314,1800,2020,03,14,/data1/fog-data/fog-maps/2020/2020074/maps_20200314_1800_000_input.nc,[],10.0
264,20200315 05:55:00,20200315 06:00:00,20200315_0000,20200315,0000,2020,03,15,/data1/fog-data/fog-maps/2020/2020075/maps_20200315_0000_000_input.nc,[],7.0
265,20200315 11:55:00,20200315 12:00:00,20200315_0600,20200315,0600,2020,03,15,/data1/fog-data/fog-maps/2020/2020075/maps_20200315_0600_000_input.nc,[],4.0
266,20200315 17:55:00,20200315 18:00:00,20200315_1200,20200315,1200,2020,03,15,/data1/fog-data/fog-maps/2020/2020075/maps_20200315_1200_000_input.nc,[],10.0
267,20200315 23:55:00,20200316 00:00:00,20200315_1800,20200315,1800,2020,03,15,/data1/fog-data/fog-maps/2020/2020075/maps_20200315_1800_000_input.nc,[],1.0
268,20200316 05:55:00,20200316 06:00:00,20200316_0000,20200316,0000,2020,03,16,/data1/fog-data/fog-maps/2020/2020076/maps_20200316_0000_000_input.nc,[],5.0
269,20200316 11:55:00,20200316 12:00:00,20200316_0600,20200316,0600,2020,03,16,/data1/fog-data/fog-maps/2020/2020076/maps_20200316_0600_000_input.nc,[],10.0
270,20200316 17:55:00,20200316 18:00:00,20200316_1200,20200316,1200,2020,03,16,/data1/fog-data/fog-maps/2020/2020076/maps_20200316_1200_000_input.nc,[],10.0
271,20200316 23:55:00,20200317 00:00:00,20200316_1800,20200316,1800,2020,03,16,/data1/fog-data/fog-maps/2020/2020076/maps_20200316_1800_000_input.nc,[],10.0
272,20200317 05:55:00,20200317 06:00:00,20200317_0000,20200317,0000,2020,03,17,/data1/fog-data/fog-maps/2020/2020077/maps_20200317_0000_000_input.nc,[],10.0
273,20200317 11:55:00,20200317 12:00:00,20200317_0600,20200317,0600,2020,03,17,/data1/fog-data/fog-maps/2020/2020077/maps_20200317_0600_000_input.nc,[],2.0
274,20200317 17:55:00,20200317 18:00:00,20200317_1200,20200317,1200,2020,03,17,/data1/fog-data/fog-maps/2020/2020077/maps_20200317_1200_000_input.nc,[],10.0
275,20200317 23:55:00,20200318 00:00:00,20200317_1800,20200317,1800,2020,03,17,/data1/fog-data/fog-maps/2020/2020077/maps_20200317_1800_000_input.nc,[],10.0
276,20200319 05:55:00,20200319 06:00:00,20200319_0000,20200319,0000,2020,03,19,/data1/fog-data/fog-maps/2020/2020079/maps_20200319_0000_000_input.nc,[],7.0
277,20200319 11:55:00,20200319 12:00:00,20200319_0600,20200319,0600,2020,03,19,/data1/fog-data/fog-maps/2020/2020079/maps_20200319_0600_000_input.nc,[],7.0
278,20200319 17:55:00,20200319 18:00:00,20200319_1200,20200319,1200,2020,03,19,/data1/fog-data/fog-maps/2020/2020079/maps_20200319_1200_000_input.nc,[],10.0
279,20200319 23:55:00,20200320 00:00:00,20200319_1800,20200319,1800,2020,03,19,/data1/fog-data/fog-maps/2020/2020079/maps_20200319_1800_000_input.nc,[],10.0
280,20200320 05:55:00,20200320 06:00:00,20200320_0000,20200320,0000,2020,03,20,/data1/fog-data/fog-maps/2020/2020080/maps_20200320_0000_000_input.nc,[],7.0
281,20200320 11:55:00,20200320 12:00:00,20200320_0600,20200320,0600,2020,03,20,/data1/fog-data/fog-maps/2020/2020080/maps_20200320_0600_000_input.nc,[],7.0
282,20200320 17:55:00,20200320 18:00:00,20200320_1200,20200320,1200,2020,03,20,/data1/fog-data/fog-maps/2020/2020080/maps_20200320_1200_000_input.nc,[],10.0
283,20200320 23:55:00,20200321 00:00:00,20200320_1800,20200320,1800,2020,03,20,/data1/fog-data/fog-maps/2020/2020080/maps_20200320_1800_000_input.nc,[],10.0
284,20200322 05:55:00,20200322 06:00:00,20200322_0000,20200322,0000,2020,03,22,/data1/fog-data/fog-maps/2020/2020082/maps_20200322_0000_000_input.nc,[],3.5
285,20200322 11:55:00,20200322 12:00:00,20200322_0600,20200322,0600,2020,03,22,/data1/fog-data/fog-maps/2020/2020082/maps_20200322_0600_000_input.nc,[],0.5
286,20200322 17:55:00,20200322 18:00:00,20200322_1200,20200322,1200,2020,03,22,/data1/fog-data/fog-maps/2020/2020082/maps_20200322_1200_000_input.nc,[],10.0
287,20200322 23:55:00,20200323 00:00:00,20200322_1800,20200322,1800,2020,03,22,/data1/fog-data/fog-maps/2020/2020082/maps_20200322_1800_000_input.nc,[],10.0
288,20200323 05:55:00,20200323 06:00:00,20200323_0000,20200323,0000,2020,03,23,/data1/fog-data/fog-maps/2020/2020083/maps_20200323_0000_000_input.nc,[],7.0
289,20200323 11:55:00,20200323 12:00:00,20200323_0600,20200323,0600,2020,03,23,/data1/fog-data/fog-maps/2020/2020083/maps_20200323_0600_000_input.nc,[],1.5
290,20200323 17:55:00,20200323 18:00:00,20200323_1200,20200323,1200,2020,03,23,/data1/fog-data/fog-maps/2020/2020083/maps_20200323_1200_000_input.nc,[],10.0
291,20200323 23:55:00,20200324 00:00:00,20200323_1800,20200323,1800,2020,03,23,/data1/fog-data/fog-maps/2020/2020083/maps_20200323_1800_000_input.nc,[],10.0
292,20200324 05:55:00,20200324 06:00:00,20200324_0000,20200324,0000,2020,03,24,/data1/fog-data/fog-maps/2020/2020084/maps_20200324_0000_000_input.nc,[],7.0
293,20200324 11:55:00,20200324 12:00:00,20200324_0600,20200324,0600,2020,03,24,/data1/fog-data/fog-maps/2020/2020084/maps_20200324_0600_000_input.nc,[],10.0
294,20200324 17:55:00,20200324 18:00:00,20200324_1200,20200324,1200,2020,03,24,/data1/fog-data/fog-maps/2020/2020084/maps_20200324_1200_000_input.nc,[],7.0
295,20200324 23:55:00,20200325 00:00:00,20200324_1800,20200324,1800,2020,03,24,/data1/fog-data/fog-maps/2020/2020084/maps_20200324_1800_000_input.nc,[],10.0
296,20200325 05:55:00,20200325 06:00:00,20200325_0000,20200325,0000,2020,03,25,/data1/fog-data/fog-maps/2020/2020085/maps_20200325_0000_000_input.nc,[],7.0
297,20200325 11:55:00,20200325 12:00:00,20200325_0600,20200325,0600,2020,03,25,/data1/fog-data/fog-maps/2020/2020085/maps_20200325_0600_000_input.nc,[],2.0
298,20200325 17:55:00,20200325 18:00:00,20200325_1200,20200325,1200,2020,03,25,/data1/fog-data/fog-maps/2020/2020085/maps_20200325_1200_000_input.nc,[],10.0
299,20200325 23:55:00,20200326 00:00:00,20200325_1800,20200325,1800,2020,03,25,/data1/fog-data/fog-maps/2020/2020085/maps_20200325_1800_000_input.nc,[],10.0
300,20200326 05:55:00,20200326 06:00:00,20200326_0000,20200326,0000,2020,03,26,/data1/fog-data/fog-maps/2020/2020086/maps_20200326_0000_000_input.nc,[],10.0
301,20200326 11:55:00,20200326 12:00:00,20200326_0600,20200326,0600,2020,03,26,/data1/fog-data/fog-maps/2020/2020086/maps_20200326_0600_000_input.nc,[],10.0
302,20200326 17:55:00,20200326 18:00:00,20200326_1200,20200326,1200,2020,03,26,/data1/fog-data/fog-maps/2020/2020086/maps_20200326_1200_000_input.nc,[],10.0
303,20200326 23:55:00,20200327 00:00:00,20200326_1800,20200326,1800,2020,03,26,/data1/fog-data/fog-maps/2020/2020086/maps_20200326_1800_000_input.nc,[],10.0
304,20200327 05:55:00,20200327 06:00:00,20200327_0000,20200327,0000,2020,03,27,/data1/fog-data/fog-maps/2020/2020087/maps_20200327_0000_000_input.nc,[],10.0
305,20200327 11:55:00,20200327 12:00:00,20200327_0600,20200327,0600,2020,03,27,/data1/fog-data/fog-maps/2020/2020087/maps_20200327_0600_000_input.nc,[],10.0
306,20200327 17:55:00,20200327 18:00:00,20200327_1200,20200327,1200,2020,03,27,/data1/fog-data/fog-maps/2020/2020087/maps_20200327_1200_000_input.nc,[],10.0
307,20200327 23:55:00,20200328 00:00:00,20200327_1800,20200327,1800,2020,03,27,/data1/fog-data/fog-maps/2020/2020087/maps_20200327_1800_000_input.nc,[],10.0
308,20200328 05:55:00,20200328 06:00:00,20200328_0000,20200328,0000,2020,03,28,/data1/fog-data/fog-maps/2020/2020088/maps_20200328_0000_000_input.nc,[],10.0
309,20200328 11:55:00,20200328 12:00:00,20200328_0600,20200328,0600,2020,03,28,/data1/fog-data/fog-maps/2020/2020088/maps_20200328_0600_000_input.nc,[],10.0
310,20200328 17:55:00,20200328 18:00:00,20200328_1200,20200328,1200,2020,03,28,/data1/fog-data/fog-maps/2020/2020088/maps_20200328_1200_000_input.nc,[],10.0
311,20200328 23:55:00,20200329 00:00:00,20200328_1800,20200328,1800,2020,03,28,/data1/fog-data/fog-maps/2020/2020088/maps_20200328_1800_000_input.nc,[],10.0
312,20200330 05:55:00,20200330 06:00:00,20200330_0000,20200330,0000,2020,03,30,/data1/fog-data/fog-maps/2020/2020090/maps_20200330_0000_000_input.nc,[],10.0
313,20200330 11:55:00,20200330 12:00:00,20200330_0600,20200330,0600,2020,03,30,/data1/fog-data/fog-maps/2020/2020090/maps_20200330_0600_000_input.nc,[],7.0
314,20200330 17:55:00,20200330 18:00:00,20200330_1200,20200330,1200,2020,03,30,/data1/fog-data/fog-maps/2020/2020090/maps_20200330_1200_000_input.nc,[],10.0
315,20200330 23:55:00,20200331 00:00:00,20200330_1800,20200330,1800,2020,03,30,/data1/fog-data/fog-maps/2020/2020090/maps_20200330_1800_000_input.nc,[],10.0
316,20200331 05:55:00,20200331 06:00:00,20200331_0000,20200331,0000,2020,03,31,/data1/fog-data/fog-maps/2020/2020091/maps_20200331_0000_000_input.nc,[],10.0
317,20200331 11:55:00,20200331 12:00:00,20200331_0600,20200331,0600,2020,03,31,/data1/fog-data/fog-maps/2020/2020091/maps_20200331_0600_000_input.nc,[],7.0
318,20200331 17:55:00,20200331 18:00:00,20200331_1200,20200331,1200,2020,03,31,/data1/fog-data/fog-maps/2020/2020091/maps_20200331_1200_000_input.nc,[],10.0
319,20200331 23:55:00,20200401 00:00:00,20200331_1800,20200331,1800,2020,03,31,/data1/fog-data/fog-maps/2020/2020091/maps_20200331_1800_000_input.nc,[],10.0
320,20200401 05:55:00,20200401 06:00:00,20200401_0000,20200401,0000,2020,04,01,/data1/fog-data/fog-maps/2020/2020092/maps_20200401_0000_000_input.nc,[],10.0
321,20200401 11:55:00,20200401 12:00:00,20200401_0600,20200401,0600,2020,04,01,/data1/fog-data/fog-maps/2020/2020092/maps_20200401_0600_000_input.nc,[],10.0
322,20200401 17:55:00,20200401 18:00:00,20200401_1200,20200401,1200,2020,04,01,/data1/fog-data/fog-maps/2020/2020092/maps_20200401_1200_000_input.nc,[],10.0
323,20200401 23:55:00,20200402 00:00:00,20200401_1800,20200401,1800,2020,04,01,/data1/fog-data/fog-maps/2020/2020092/maps_20200401_1800_000_input.nc,[],10.0
324,20200403 05:55:00,20200403 06:00:00,20200403_0000,20200403,0000,2020,04,03,/data1/fog-data/fog-maps/2020/2020094/maps_20200403_0000_000_input.nc,[],10.0
325,20200403 11:55:00,20200403 12:00:00,20200403_0600,20200403,0600,2020,04,03,/data1/fog-data/fog-maps/2020/2020094/maps_20200403_0600_000_input.nc,[],10.0
326,20200403 17:55:00,20200403 18:00:00,20200403_1200,20200403,1200,2020,04,03,/data1/fog-data/fog-maps/2020/2020094/maps_20200403_1200_000_input.nc,[],10.0
327,20200403 23:55:00,20200404 00:00:00,20200403_1800,20200403,1800,2020,04,03,/data1/fog-data/fog-maps/2020/2020094/maps_20200403_1800_000_input.nc,[],10.0
328,20200405 05:55:00,20200405 06:00:00,20200405_0000,20200405,0000,2020,04,05,/data1/fog-data/fog-maps/2020/2020096/maps_20200405_0000_000_input.nc,[],10.0
329,20200405 11:55:00,20200405 12:00:00,20200405_0600,20200405,0600,2020,04,05,/data1/fog-data/fog-maps/2020/2020096/maps_20200405_0600_000_input.nc,[],10.0
330,20200405 17:55:00,20200405 18:00:00,20200405_1200,20200405,1200,2020,04,05,/data1/fog-data/fog-maps/2020/2020096/maps_20200405_1200_000_input.nc,[],10.0
331,20200405 23:55:00,20200406 00:00:00,20200405_1800,20200405,1800,2020,04,05,/data1/fog-data/fog-maps/2020/2020096/maps_20200405_1800_000_input.nc,[],10.0
332,20200407 05:55:00,20200407 06:00:00,20200407_0000,20200407,0000,2020,04,07,/data1/fog-data/fog-maps/2020/2020098/maps_20200407_0000_000_input.nc,[],0.25
333,20200407 11:55:00,20200407 12:00:00,20200407_0600,20200407,0600,2020,04,07,/data1/fog-data/fog-maps/2020/2020098/maps_20200407_0600_000_input.nc,[],0.25
334,20200407 17:55:00,20200407 18:00:00,20200407_1200,20200407,1200,2020,04,07,/data1/fog-data/fog-maps/2020/2020098/maps_20200407_1200_000_input.nc,[],10.0
335,20200407 23:55:00,20200408 00:00:00,20200407_1800,20200407,1800,2020,04,07,/data1/fog-data/fog-maps/2020/2020098/maps_20200407_1800_000_input.nc,[],10.0
336,20200408 05:55:00,20200408 06:00:00,20200408_0000,20200408,0000,2020,04,08,/data1/fog-data/fog-maps/2020/2020099/maps_20200408_0000_000_input.nc,[],0.75
337,20200408 11:55:00,20200408 12:00:00,20200408_0600,20200408,0600,2020,04,08,/data1/fog-data/fog-maps/2020/2020099/maps_20200408_0600_000_input.nc,[],1.0
338,20200408 17:55:00,20200408 18:00:00,20200408_1200,20200408,1200,2020,04,08,/data1/fog-data/fog-maps/2020/2020099/maps_20200408_1200_000_input.nc,[],10.0
339,20200408 23:55:00,20200409 00:00:00,20200408_1800,20200408,1800,2020,04,08,/data1/fog-data/fog-maps/2020/2020099/maps_20200408_1800_000_input.nc,[],10.0
340,20200409 05:55:00,20200409 06:00:00,20200409_0000,20200409,0000,2020,04,09,/data1/fog-data/fog-maps/2020/2020100/maps_20200409_0000_000_input.nc,[],10.0
341,20200409 11:55:00,20200409 12:00:00,20200409_0600,20200409,0600,2020,04,09,/data1/fog-data/fog-maps/2020/2020100/maps_20200409_0600_000_input.nc,[],1.0
342,20200409 17:55:00,20200409 18:00:00,20200409_1200,20200409,1200,2020,04,09,/data1/fog-data/fog-maps/2020/2020100/maps_20200409_1200_000_input.nc,[],7.0
343,20200409 23:55:00,20200410 00:00:00,20200409_1800,20200409,1800,2020,04,09,/data1/fog-data/fog-maps/2020/2020100/maps_20200409_1800_000_input.nc,[],7.0
344,20200410 05:55:00,20200410 06:00:00,20200410_0000,20200410,0000,2020,04,10,/data1/fog-data/fog-maps/2020/2020101/maps_20200410_0000_000_input.nc,[],10.0
345,20200410 11:55:00,20200410 12:00:00,20200410_0600,20200410,0600,2020,04,10,/data1/fog-data/fog-maps/2020/2020101/maps_20200410_0600_000_input.nc,[],10.0
346,20200410 17:55:00,20200410 18:00:00,20200410_1200,20200410,1200,2020,04,10,/data1/fog-data/fog-maps/2020/2020101/maps_20200410_1200_000_input.nc,[],10.0
347,20200410 23:55:00,20200411 00:00:00,20200410_1800,20200410,1800,2020,04,10,/data1/fog-data/fog-maps/2020/2020101/maps_20200410_1800_000_input.nc,[],10.0
348,20200411 05:55:00,20200411 06:00:00,20200411_0000,20200411,0000,2020,04,11,/data1/fog-data/fog-maps/2020/2020102/maps_20200411_0000_000_input.nc,[],10.0
349,20200411 11:55:00,20200411 12:00:00,20200411_0600,20200411,0600,2020,04,11,/data1/fog-data/fog-maps/2020/2020102/maps_20200411_0600_000_input.nc,[],10.0
350,20200411 17:55:00,20200411 18:00:00,20200411_1200,20200411,1200,2020,04,11,/data1/fog-data/fog-maps/2020/2020102/maps_20200411_1200_000_input.nc,[],10.0
351,20200411 23:55:00,20200412 00:00:00,20200411_1800,20200411,1800,2020,04,11,/data1/fog-data/fog-maps/2020/2020102/maps_20200411_1800_000_input.nc,[],7.0
352,20200412 05:55:00,20200412 06:00:00,20200412_0000,20200412,0000,2020,04,12,/data1/fog-data/fog-maps/2020/2020103/maps_20200412_0000_000_input.nc,[],3.0
353,20200412 11:55:00,20200412 12:00:00,20200412_0600,20200412,0600,2020,04,12,/data1/fog-data/fog-maps/2020/2020103/maps_20200412_0600_000_input.nc,[],4.0
354,20200412 17:55:00,20200412 18:00:00,20200412_1200,20200412,1200,2020,04,12,/data1/fog-data/fog-maps/2020/2020103/maps_20200412_1200_000_input.nc,[],10.0
355,20200412 23:55:00,20200413 00:00:00,20200412_1800,20200412,1800,2020,04,12,/data1/fog-data/fog-maps/2020/2020103/maps_20200412_1800_000_input.nc,[],10.0
356,20200413 05:55:00,20200413 06:00:00,20200413_0000,20200413,0000,2020,04,13,/data1/fog-data/fog-maps/2020/2020104/maps_20200413_0000_000_input.nc,[],10.0
357,20200413 11:55:00,20200413 12:00:00,20200413_0600,20200413,0600,2020,04,13,/data1/fog-data/fog-maps/2020/2020104/maps_20200413_0600_000_input.nc,[],10.0
358,20200413 17:55:00,20200413 18:00:00,20200413_1200,20200413,1200,2020,04,13,/data1/fog-data/fog-maps/2020/2020104/maps_20200413_1200_000_input.nc,[],10.0
359,20200413 23:55:00,20200414 00:00:00,20200413_1800,20200413,1800,2020,04,13,/data1/fog-data/fog-maps/2020/2020104/maps_20200413_1800_000_input.nc,[],10.0
360,20200414 05:55:00,20200414 06:00:00,20200414_0000,20200414,0000,2020,04,14,/data1/fog-data/fog-maps/2020/2020105/maps_20200414_0000_000_input.nc,[],10.0
361,20200414 11:55:00,20200414 12:00:00,20200414_0600,20200414,0600,2020,04,14,/data1/fog-data/fog-maps/2020/2020105/maps_20200414_0600_000_input.nc,[],10.0
362,20200414 17:55:00,20200414 18:00:00,20200414_1200,20200414,1200,2020,04,14,/data1/fog-data/fog-maps/2020/2020105/maps_20200414_1200_000_input.nc,[],10.0
363,20200414 23:55:00,20200415 00:00:00,20200414_1800,20200414,1800,2020,04,14,/data1/fog-data/fog-maps/2020/2020105/maps_20200414_1800_000_input.nc,[],10.0
364,20200415 05:55:00,20200415 06:00:00,20200415_0000,20200415,0000,2020,04,15,/data1/fog-data/fog-maps/2020/2020106/maps_20200415_0000_000_input.nc,[],10.0
365,20200415 11:55:00,20200415 12:00:00,20200415_0600,20200415,0600,2020,04,15,/data1/fog-data/fog-maps/2020/2020106/maps_20200415_0600_000_input.nc,[],10.0
366,20200415 17:55:00,20200415 18:00:00,20200415_1200,20200415,1200,2020,04,15,/data1/fog-data/fog-maps/2020/2020106/maps_20200415_1200_000_input.nc,[],10.0
367,20200415 23:55:00,20200416 00:00:00,20200415_1800,20200415,1800,2020,04,15,/data1/fog-data/fog-maps/2020/2020106/maps_20200415_1800_000_input.nc,[],10.0
368,20200417 05:55:00,20200417 06:00:00,20200417_0000,20200417,0000,2020,04,17,/data1/fog-data/fog-maps/2020/2020108/maps_20200417_0000_000_input.nc,[],10.0
369,20200417 11:55:00,20200417 12:00:00,20200417_0600,20200417,0600,2020,04,17,/data1/fog-data/fog-maps/2020/2020108/maps_20200417_0600_000_input.nc,[],10.0
370,20200417 17:55:00,20200417 18:00:00,20200417_1200,20200417,1200,2020,04,17,/data1/fog-data/fog-maps/2020/2020108/maps_20200417_1200_000_input.nc,[],10.0
371,20200417 23:55:00,20200418 00:00:00,20200417_1800,20200417,1800,2020,04,17,/data1/fog-data/fog-maps/2020/2020108/maps_20200417_1800_000_input.nc,[],10.0
372,20200418 05:55:00,20200418 06:00:00,20200418_0000,20200418,0000,2020,04,18,/data1/fog-data/fog-maps/2020/2020109/maps_20200418_0000_000_input.nc,[],7.0
373,20200418 11:55:00,20200418 12:00:00,20200418_0600,20200418,0600,2020,04,18,/data1/fog-data/fog-maps/2020/2020109/maps_20200418_0600_000_input.nc,[],5.0
374,20200418 17:55:00,20200418 18:00:00,20200418_1200,20200418,1200,2020,04,18,/data1/fog-data/fog-maps/2020/2020109/maps_20200418_1200_000_input.nc,[],1.25
375,20200418 23:55:00,20200419 00:00:00,20200418_1800,20200418,1800,2020,04,18,/data1/fog-data/fog-maps/2020/2020109/maps_20200418_1800_000_input.nc,[],7.0
376,20200419 05:55:00,20200419 06:00:00,20200419_0000,20200419,0000,2020,04,19,/data1/fog-data/fog-maps/2020/2020110/maps_20200419_0000_000_input.nc,[],1.0
377,20200419 11:55:00,20200419 12:00:00,20200419_0600,20200419,0600,2020,04,19,/data1/fog-data/fog-maps/2020/2020110/maps_20200419_0600_000_input.nc,[],5.0
378,20200419 17:55:00,20200419 18:00:00,20200419_1200,20200419,1200,2020,04,19,/data1/fog-data/fog-maps/2020/2020110/maps_20200419_1200_000_input.nc,[],2.5
379,20200419 23:55:00,20200420 00:00:00,20200419_1800,20200419,1800,2020,04,19,/data1/fog-data/fog-maps/2020/2020110/maps_20200419_1800_000_input.nc,[],7.0
380,20200420 05:55:00,20200420 06:00:00,20200420_0000,20200420,0000,2020,04,20,/data1/fog-data/fog-maps/2020/2020111/maps_20200420_0000_000_input.nc,[],4.0
381,20200420 11:55:00,20200420 12:00:00,20200420_0600,20200420,0600,2020,04,20,/data1/fog-data/fog-maps/2020/2020111/maps_20200420_0600_000_input.nc,[],0.25
382,20200420 17:55:00,20200420 18:00:00,20200420_1200,20200420,1200,2020,04,20,/data1/fog-data/fog-maps/2020/2020111/maps_20200420_1200_000_input.nc,[],5.0
383,20200420 23:55:00,20200421 00:00:00,20200420_1800,20200420,1800,2020,04,20,/data1/fog-data/fog-maps/2020/2020111/maps_20200420_1800_000_input.nc,[],7.0
384,20200421 05:55:00,20200421 06:00:00,20200421_0000,20200421,0000,2020,04,21,/data1/fog-data/fog-maps/2020/2020112/maps_20200421_0000_000_input.nc,[],10.0
385,20200421 11:55:00,20200421 12:00:00,20200421_0600,20200421,0600,2020,04,21,/data1/fog-data/fog-maps/2020/2020112/maps_20200421_0600_000_input.nc,[],5.0
386,20200421 17:55:00,20200421 18:00:00,20200421_1200,20200421,1200,2020,04,21,/data1/fog-data/fog-maps/2020/2020112/maps_20200421_1200_000_input.nc,[],10.0
387,20200421 23:55:00,20200422 00:00:00,20200421_1800,20200421,1800,2020,04,21,/data1/fog-data/fog-maps/2020/2020112/maps_20200421_1800_000_input.nc,[],10.0
388,20200422 05:55:00,20200422 06:00:00,20200422_0000,20200422,0000,2020,04,22,/data1/fog-data/fog-maps/2020/2020113/maps_20200422_0000_000_input.nc,[],10.0
389,20200422 11:55:00,20200422 12:00:00,20200422_0600,20200422,0600,2020,04,22,/data1/fog-data/fog-maps/2020/2020113/maps_20200422_0600_000_input.nc,[],5.0
390,20200422 17:55:00,20200422 18:00:00,20200422_1200,20200422,1200,2020,04,22,/data1/fog-data/fog-maps/2020/2020113/maps_20200422_1200_000_input.nc,[],7.0
391,20200422 23:55:00,20200423 00:00:00,20200422_1800,20200422,1800,2020,04,22,/data1/fog-data/fog-maps/2020/2020113/maps_20200422_1800_000_input.nc,[],7.0
392,20200423 05:55:00,20200423 06:00:00,20200423_0000,20200423,0000,2020,04,23,/data1/fog-data/fog-maps/2020/2020114/maps_20200423_0000_000_input.nc,[],7.0
393,20200423 11:55:00,20200423 12:00:00,20200423_0600,20200423,0600,2020,04,23,/data1/fog-data/fog-maps/2020/2020114/maps_20200423_0600_000_input.nc,[],1.5
394,20200423 17:55:00,20200423 18:00:00,20200423_1200,20200423,1200,2020,04,23,/data1/fog-data/fog-maps/2020/2020114/maps_20200423_1200_000_input.nc,[],10.0
395,20200423 23:55:00,20200424 00:00:00,20200423_1800,20200423,1800,2020,04,23,/data1/fog-data/fog-maps/2020/2020114/maps_20200423_1800_000_input.nc,[],10.0
396,20200424 05:55:00,20200424 06:00:00,20200424_0000,20200424,0000,2020,04,24,/data1/fog-data/fog-maps/2020/2020115/maps_20200424_0000_000_input.nc,[],10.0
397,20200424 11:55:00,20200424 12:00:00,20200424_0600,20200424,0600,2020,04,24,/data1/fog-data/fog-maps/2020/2020115/maps_20200424_0600_000_input.nc,[],5.0
398,20200424 17:55:00,20200424 18:00:00,20200424_1200,20200424,1200,2020,04,24,/data1/fog-data/fog-maps/2020/2020115/maps_20200424_1200_000_input.nc,[],10.0
399,20200424 23:55:00,20200425 00:00:00,20200424_1800,20200424,1800,2020,04,24,/data1/fog-data/fog-maps/2020/2020115/maps_20200424_1800_000_input.nc,[],10.0
400,20200425 05:55:00,20200425 06:00:00,20200425_0000,20200425,0000,2020,04,25,/data1/fog-data/fog-maps/2020/2020116/maps_20200425_0000_000_input.nc,[],7.0
401,20200425 11:55:00,20200425 12:00:00,20200425_0600,20200425,0600,2020,04,25,/data1/fog-data/fog-maps/2020/2020116/maps_20200425_0600_000_input.nc,[],10.0
402,20200425 17:55:00,20200425 18:00:00,20200425_1200,20200425,1200,2020,04,25,/data1/fog-data/fog-maps/2020/2020116/maps_20200425_1200_000_input.nc,[],10.0
403,20200425 23:55:00,20200426 00:00:00,20200425_1800,20200425,1800,2020,04,25,/data1/fog-data/fog-maps/2020/2020116/maps_20200425_1800_000_input.nc,[],10.0
404,20200426 05:55:00,20200426 06:00:00,20200426_0000,20200426,0000,2020,04,26,/data1/fog-data/fog-maps/2020/2020117/maps_20200426_0000_000_input.nc,[],10.0
405,20200426 11:55:00,20200426 12:00:00,20200426_0600,20200426,0600,2020,04,26,/data1/fog-data/fog-maps/2020/2020117/maps_20200426_0600_000_input.nc,[],10.0
406,20200426 17:55:00,20200426 18:00:00,20200426_1200,20200426,1200,2020,04,26,/data1/fog-data/fog-maps/2020/2020117/maps_20200426_1200_000_input.nc,[],10.0
407,20200426 23:55:00,20200427 00:00:00,20200426_1800,20200426,1800,2020,04,26,/data1/fog-data/fog-maps/2020/2020117/maps_20200426_1800_000_input.nc,[],10.0
408,20200428 05:55:00,20200428 06:00:00,20200428_0000,20200428,0000,2020,04,28,/data1/fog-data/fog-maps/2020/2020119/maps_20200428_0000_000_input.nc,[],10.0
409,20200428 11:55:00,20200428 12:00:00,20200428_0600,20200428,0600,2020,04,28,/data1/fog-data/fog-maps/2020/2020119/maps_20200428_0600_000_input.nc,[],7.0
410,20200428 17:55:00,20200428 18:00:00,20200428_1200,20200428,1200,2020,04,28,/data1/fog-data/fog-maps/2020/2020119/maps_20200428_1200_000_input.nc,[],10.0
411,20200428 23:55:00,20200429 00:00:00,20200428_1800,20200428,1800,2020,04,28,/data1/fog-data/fog-maps/2020/2020119/maps_20200428_1800_000_input.nc,[],7.0
412,20200429 05:55:00,20200429 06:00:00,20200429_0000,20200429,0000,2020,04,29,/data1/fog-data/fog-maps/2020/2020120/maps_20200429_0000_000_input.nc,[],10.0
413,20200429 11:55:00,20200429 12:00:00,20200429_0600,20200429,0600,2020,04,29,/data1/fog-data/fog-maps/2020/2020120/maps_20200429_0600_000_input.nc,[],7.0
414,20200429 17:55:00,20200429 18:00:00,20200429_1200,20200429,1200,2020,04,29,/data1/fog-data/fog-maps/2020/2020120/maps_20200429_1200_000_input.nc,[],10.0
415,20200429 23:55:00,20200430 00:00:00,20200429_1800,20200429,1800,2020,04,29,/data1/fog-data/fog-maps/2020/2020120/maps_20200429_1800_000_input.nc,[],10.0
416,20200430 05:55:00,20200430 06:00:00,20200430_0000,20200430,0000,2020,04,30,/data1/fog-data/fog-maps/2020/2020121/maps_20200430_0000_000_input.nc,[],10.0
417,20200430 11:55:00,20200430 12:00:00,20200430_0600,20200430,0600,2020,04,30,/data1/fog-data/fog-maps/2020/2020121/maps_20200430_0600_000_input.nc,[],10.0
418,20200430 17:55:00,20200430 18:00:00,20200430_1200,20200430,1200,2020,04,30,/data1/fog-data/fog-maps/2020/2020121/maps_20200430_1200_000_input.nc,[],10.0
419,20200430 23:55:00,20200501 00:00:00,20200430_1800,20200430,1800,2020,04,30,/data1/fog-data/fog-maps/2020/2020121/maps_20200430_1800_000_input.nc,[],10.0
420,20200501 05:55:00,20200501 06:00:00,20200501_0000,20200501,0000,2020,05,01,/data1/fog-data/fog-maps/2020/2020122/maps_20200501_0000_000_input.nc,[],10.0
421,20200501 11:55:00,20200501 12:00:00,20200501_0600,20200501,0600,2020,05,01,/data1/fog-data/fog-maps/2020/2020122/maps_20200501_0600_000_input.nc,[],10.0
422,20200501 17:55:00,20200501 18:00:00,20200501_1200,20200501,1200,2020,05,01,/data1/fog-data/fog-maps/2020/2020122/maps_20200501_1200_000_input.nc,[],10.0
423,20200501 23:55:00,20200502 00:00:00,20200501_1800,20200501,1800,2020,05,01,/data1/fog-data/fog-maps/2020/2020122/maps_20200501_1800_000_input.nc,[],10.0
424,20200502 05:55:00,20200502 06:00:00,20200502_0000,20200502,0000,2020,05,02,/data1/fog-data/fog-maps/2020/2020123/maps_20200502_0000_000_input.nc,[],10.0
425,20200502 11:55:00,20200502 12:00:00,20200502_0600,20200502,0600,2020,05,02,/data1/fog-data/fog-maps/2020/2020123/maps_20200502_0600_000_input.nc,[],10.0
426,20200502 17:55:00,20200502 18:00:00,20200502_1200,20200502,1200,2020,05,02,/data1/fog-data/fog-maps/2020/2020123/maps_20200502_1200_000_input.nc,[],10.0
427,20200502 23:55:00,20200503 00:00:00,20200502_1800,20200502,1800,2020,05,02,/data1/fog-data/fog-maps/2020/2020123/maps_20200502_1800_000_input.nc,[],10.0
428,20200503 05:55:00,20200503 06:00:00,20200503_0000,20200503,0000,2020,05,03,/data1/fog-data/fog-maps/2020/2020124/maps_20200503_0000_000_input.nc,[],10.0
429,20200503 11:55:00,20200503 12:00:00,20200503_0600,20200503,0600,2020,05,03,/data1/fog-data/fog-maps/2020/2020124/maps_20200503_0600_000_input.nc,[],10.0
430,20200503 17:55:00,20200503 18:00:00,20200503_1200,20200503,1200,2020,05,03,/data1/fog-data/fog-maps/2020/2020124/maps_20200503_1200_000_input.nc,[],10.0
431,20200503 23:55:00,20200504 00:00:00,20200503_1800,20200503,1800,2020,05,03,/data1/fog-data/fog-maps/2020/2020124/maps_20200503_1800_000_input.nc,[],10.0
432,20200504 05:55:00,20200504 06:00:00,20200504_0000,20200504,0000,2020,05,04,/data1/fog-data/fog-maps/2020/2020125/maps_20200504_0000_000_input.nc,[],10.0
433,20200504 11:55:00,20200504 12:00:00,20200504_0600,20200504,0600,2020,05,04,/data1/fog-data/fog-maps/2020/2020125/maps_20200504_0600_000_input.nc,[],10.0
434,20200504 17:55:00,20200504 18:00:00,20200504_1200,20200504,1200,2020,05,04,/data1/fog-data/fog-maps/2020/2020125/maps_20200504_1200_000_input.nc,[],10.0
435,20200504 23:55:00,20200505 00:00:00,20200504_1800,20200504,1800,2020,05,04,/data1/fog-data/fog-maps/2020/2020125/maps_20200504_1800_000_input.nc,[],10.0
436,20200505 05:55:00,20200505 06:00:00,20200505_0000,20200505,0000,2020,05,05,/data1/fog-data/fog-maps/2020/2020126/maps_20200505_0000_000_input.nc,[],10.0
437,20200505 11:55:00,20200505 12:00:00,20200505_0600,20200505,0600,2020,05,05,/data1/fog-data/fog-maps/2020/2020126/maps_20200505_0600_000_input.nc,[],7.0
438,20200505 17:55:00,20200505 18:00:00,20200505_1200,20200505,1200,2020,05,05,/data1/fog-data/fog-maps/2020/2020126/maps_20200505_1200_000_input.nc,[],10.0
439,20200505 23:55:00,20200506 00:00:00,20200505_1800,20200505,1800,2020,05,05,/data1/fog-data/fog-maps/2020/2020126/maps_20200505_1800_000_input.nc,[],10.0
440,20200506 05:55:00,20200506 06:00:00,20200506_0000,20200506,0000,2020,05,06,/data1/fog-data/fog-maps/2020/2020127/maps_20200506_0000_000_input.nc,[],10.0
441,20200506 11:55:00,20200506 12:00:00,20200506_0600,20200506,0600,2020,05,06,/data1/fog-data/fog-maps/2020/2020127/maps_20200506_0600_000_input.nc,[],10.0
442,20200506 17:55:00,20200506 18:00:00,20200506_1200,20200506,1200,2020,05,06,/data1/fog-data/fog-maps/2020/2020127/maps_20200506_1200_000_input.nc,[],10.0
443,20200506 23:55:00,20200507 00:00:00,20200506_1800,20200506,1800,2020,05,06,/data1/fog-data/fog-maps/2020/2020127/maps_20200506_1800_000_input.nc,[],10.0
444,20200507 05:55:00,20200507 06:00:00,20200507_0000,20200507,0000,2020,05,07,/data1/fog-data/fog-maps/2020/2020128/maps_20200507_0000_000_input.nc,[],10.0
445,20200507 11:55:00,20200507 12:00:00,20200507_0600,20200507,0600,2020,05,07,/data1/fog-data/fog-maps/2020/2020128/maps_20200507_0600_000_input.nc,[],10.0
446,20200507 17:55:00,20200507 18:00:00,20200507_1200,20200507,1200,2020,05,07,/data1/fog-data/fog-maps/2020/2020128/maps_20200507_1200_000_input.nc,[],10.0
447,20200507 23:55:00,20200508 00:00:00,20200507_1800,20200507,1800,2020,05,07,/data1/fog-data/fog-maps/2020/2020128/maps_20200507_1800_000_input.nc,[],10.0
448,20200508 05:55:00,20200508 06:00:00,20200508_0000,20200508,0000,2020,05,08,/data1/fog-data/fog-maps/2020/2020129/maps_20200508_0000_000_input.nc,[],10.0
449,20200508 11:55:00,20200508 12:00:00,20200508_0600,20200508,0600,2020,05,08,/data1/fog-data/fog-maps/2020/2020129/maps_20200508_0600_000_input.nc,[],10.0
450,20200508 17:55:00,20200508 18:00:00,20200508_1200,20200508,1200,2020,05,08,/data1/fog-data/fog-maps/2020/2020129/maps_20200508_1200_000_input.nc,[],10.0
451,20200508 23:55:00,20200509 00:00:00,20200508_1800,20200508,1800,2020,05,08,/data1/fog-data/fog-maps/2020/2020129/maps_20200508_1800_000_input.nc,[],10.0
452,20200510 05:55:00,20200510 06:00:00,20200510_0000,20200510,0000,2020,05,10,/data1/fog-data/fog-maps/2020/2020131/maps_20200510_0000_000_input.nc,[],10.0
453,20200510 11:55:00,20200510 12:00:00,20200510_0600,20200510,0600,2020,05,10,/data1/fog-data/fog-maps/2020/2020131/maps_20200510_0600_000_input.nc,[],10.0
454,20200510 17:55:00,20200510 18:00:00,20200510_1200,20200510,1200,2020,05,10,/data1/fog-data/fog-maps/2020/2020131/maps_20200510_1200_000_input.nc,[],10.0
455,20200510 23:55:00,20200511 00:00:00,20200510_1800,20200510,1800,2020,05,10,/data1/fog-data/fog-maps/2020/2020131/maps_20200510_1800_000_input.nc,[],10.0
456,20200511 05:55:00,20200511 06:00:00,20200511_0000,20200511,0000,2020,05,11,/data1/fog-data/fog-maps/2020/2020132/maps_20200511_0000_000_input.nc,[],10.0
457,20200511 11:55:00,20200511 12:00:00,20200511_0600,20200511,0600,2020,05,11,/data1/fog-data/fog-maps/2020/2020132/maps_20200511_0600_000_input.nc,[],10.0
458,20200511 17:55:00,20200511 18:00:00,20200511_1200,20200511,1200,2020,05,11,/data1/fog-data/fog-maps/2020/2020132/maps_20200511_1200_000_input.nc,[],10.0
459,20200511 23:55:00,20200512 00:00:00,20200511_1800,20200511,1800,2020,05,11,/data1/fog-data/fog-maps/2020/2020132/maps_20200511_1800_000_input.nc,[],10.0
460,20200512 05:55:00,20200512 06:00:00,20200512_0000,20200512,0000,2020,05,12,/data1/fog-data/fog-maps/2020/2020133/maps_20200512_0000_000_input.nc,[],10.0
461,20200512 11:55:00,20200512 12:00:00,20200512_0600,20200512,0600,2020,05,12,/data1/fog-data/fog-maps/2020/2020133/maps_20200512_0600_000_input.nc,[],10.0
462,20200512 17:55:00,20200512 18:00:00,20200512_1200,20200512,1200,2020,05,12,/data1/fog-data/fog-maps/2020/2020133/maps_20200512_1200_000_input.nc,[],10.0
463,20200512 23:55:00,20200513 00:00:00,20200512_1800,20200512,1800,2020,05,12,/data1/fog-data/fog-maps/2020/2020133/maps_20200512_1800_000_input.nc,[],10.0
464,20200513 05:55:00,20200513 06:00:00,20200513_0000,20200513,0000,2020,05,13,/data1/fog-data/fog-maps/2020/2020134/maps_20200513_0000_000_input.nc,[],10.0
465,20200513 11:55:00,20200513 12:00:00,20200513_0600,20200513,0600,2020,05,13,/data1/fog-data/fog-maps/2020/2020134/maps_20200513_0600_000_input.nc,[],10.0
466,20200513 17:55:00,20200513 18:00:00,20200513_1200,20200513,1200,2020,05,13,/data1/fog-data/fog-maps/2020/2020134/maps_20200513_1200_000_input.nc,[],10.0
467,20200513 23:55:00,20200514 00:00:00,20200513_1800,20200513,1800,2020,05,13,/data1/fog-data/fog-maps/2020/2020134/maps_20200513_1800_000_input.nc,[],10.0
468,20200518 05:55:00,20200518 06:00:00,20200518_0000,20200518,0000,2020,05,18,/data1/fog-data/fog-maps/2020/2020139/maps_20200518_0000_000_input.nc,[],10.0
469,20200518 11:55:00,20200518 12:00:00,20200518_0600,20200518,0600,2020,05,18,/data1/fog-data/fog-maps/2020/2020139/maps_20200518_0600_000_input.nc,[],10.0
470,20200518 17:55:00,20200518 18:00:00,20200518_1200,20200518,1200,2020,05,18,/data1/fog-data/fog-maps/2020/2020139/maps_20200518_1200_000_input.nc,[],10.0
471,20200518 23:55:00,20200519 00:00:00,20200518_1800,20200518,1800,2020,05,18,/data1/fog-data/fog-maps/2020/2020139/maps_20200518_1800_000_input.nc,[],10.0
472,20200519 05:55:00,20200519 06:00:00,20200519_0000,20200519,0000,2020,05,19,/data1/fog-data/fog-maps/2020/2020140/maps_20200519_0000_000_input.nc,[],10.0
473,20200519 11:55:00,20200519 12:00:00,20200519_0600,20200519,0600,2020,05,19,/data1/fog-data/fog-maps/2020/2020140/maps_20200519_0600_000_input.nc,[],10.0
474,20200519 17:55:00,20200519 18:00:00,20200519_1200,20200519,1200,2020,05,19,/data1/fog-data/fog-maps/2020/2020140/maps_20200519_1200_000_input.nc,[],10.0
475,20200519 23:55:00,20200520 00:00:00,20200519_1800,20200519,1800,2020,05,19,/data1/fog-data/fog-maps/2020/2020140/maps_20200519_1800_000_input.nc,[],7.0
476,20200521 05:55:00,20200521 06:00:00,20200521_0000,20200521,0000,2020,05,21,/data1/fog-data/fog-maps/2020/2020142/maps_20200521_0000_000_input.nc,[],10.0
477,20200521 11:55:00,20200521 12:00:00,20200521_0600,20200521,0600,2020,05,21,/data1/fog-data/fog-maps/2020/2020142/maps_20200521_0600_000_input.nc,[],7.0
478,20200521 17:55:00,20200521 18:00:00,20200521_1200,20200521,1200,2020,05,21,/data1/fog-data/fog-maps/2020/2020142/maps_20200521_1200_000_input.nc,[],7.0
479,20200521 23:55:00,20200522 00:00:00,20200521_1800,20200521,1800,2020,05,21,/data1/fog-data/fog-maps/2020/2020142/maps_20200521_1800_000_input.nc,[],7.0
480,20200523 05:55:00,20200523 06:00:00,20200523_0000,20200523,0000,2020,05,23,/data1/fog-data/fog-maps/2020/2020144/maps_20200523_0000_000_input.nc,[],7.0
481,20200523 11:55:00,20200523 12:00:00,20200523_0600,20200523,0600,2020,05,23,/data1/fog-data/fog-maps/2020/2020144/maps_20200523_0600_000_input.nc,[],7.0
482,20200523 17:55:00,20200523 18:00:00,20200523_1200,20200523,1200,2020,05,23,/data1/fog-data/fog-maps/2020/2020144/maps_20200523_1200_000_input.nc,[],10.0
483,20200523 23:55:00,20200524 00:00:00,20200523_1800,20200523,1800,2020,05,23,/data1/fog-data/fog-maps/2020/2020144/maps_20200523_1800_000_input.nc,[],10.0
484,20200524 05:55:00,20200524 06:00:00,20200524_0000,20200524,0000,2020,05,24,/data1/fog-data/fog-maps/2020/2020145/maps_20200524_0000_000_input.nc,[],10.0
485,20200524 11:55:00,20200524 12:00:00,20200524_0600,20200524,0600,2020,05,24,/data1/fog-data/fog-maps/2020/2020145/maps_20200524_0600_000_input.nc,[],10.0
486,20200524 17:55:00,20200524 18:00:00,20200524_1200,20200524,1200,2020,05,24,/data1/fog-data/fog-maps/2020/2020145/maps_20200524_1200_000_input.nc,[],10.0
487,20200524 23:55:00,20200525 00:00:00,20200524_1800,20200524,1800,2020,05,24,/data1/fog-data/fog-maps/2020/2020145/maps_20200524_1800_000_input.nc,[],10.0
488,20200526 05:55:00,20200526 06:00:00,20200526_0000,20200526,0000,2020,05,26,/data1/fog-data/fog-maps/2020/2020147/maps_20200526_0000_000_input.nc,[],10.0
489,20200526 11:55:00,20200526 12:00:00,20200526_0600,20200526,0600,2020,05,26,/data1/fog-data/fog-maps/2020/2020147/maps_20200526_0600_000_input.nc,[],10.0
490,20200526 17:55:00,20200526 18:00:00,20200526_1200,20200526,1200,2020,05,26,/data1/fog-data/fog-maps/2020/2020147/maps_20200526_1200_000_input.nc,[],10.0
491,20200526 23:55:00,20200527 00:00:00,20200526_1800,20200526,1800,2020,05,26,/data1/fog-data/fog-maps/2020/2020147/maps_20200526_1800_000_input.nc,[],10.0
492,20200527 05:55:00,20200527 06:00:00,20200527_0000,20200527,0000,2020,05,27,/data1/fog-data/fog-maps/2020/2020148/maps_20200527_0000_000_input.nc,[],10.0
493,20200527 11:55:00,20200527 12:00:00,20200527_0600,20200527,0600,2020,05,27,/data1/fog-data/fog-maps/2020/2020148/maps_20200527_0600_000_input.nc,[],10.0
494,20200527 17:55:00,20200527 18:00:00,20200527_1200,20200527,1200,2020,05,27,/data1/fog-data/fog-maps/2020/2020148/maps_20200527_1200_000_input.nc,[],10.0
495,20200527 23:55:00,20200528 00:00:00,20200527_1800,20200527,1800,2020,05,27,/data1/fog-data/fog-maps/2020/2020148/maps_20200527_1800_000_input.nc,[],10.0
496,20200529 05:55:00,20200529 06:00:00,20200529_0000,20200529,0000,2020,05,29,/data1/fog-data/fog-maps/2020/2020150/maps_20200529_0000_000_input.nc,[],10.0
497,20200529 11:55:00,20200529 12:00:00,20200529_0600,20200529,0600,2020,05,29,/data1/fog-data/fog-maps/2020/2020150/maps_20200529_0600_000_input.nc,[],10.0
498,20200529 17:55:00,20200529 18:00:00,20200529_1200,20200529,1200,2020,05,29,/data1/fog-data/fog-maps/2020/2020150/maps_20200529_1200_000_input.nc,[],10.0
499,20200529 23:55:00,20200530 00:00:00,20200529_1800,20200529,1800,2020,05,29,/data1/fog-data/fog-maps/2020/2020150/maps_20200529_1800_000_input.nc,[],10.0
