,DateTime,RoundTime,date,date_cycletime,vis,vis_class,year,month,day,timecycle,nam_nc_files_path
0,20200102 05:55:00,20200102 06:00:00,20200102,20200102_0000,10.0,4.0,2020,01,02,0000,/data1/fog-data/fog-maps/2020/2020002/maps_20200102_0000_000_input.nc
1,20200102 11:55:00,20200102 12:00:00,20200102,20200102_0600,10.0,4.0,2020,01,02,0600,/data1/fog-data/fog-maps/2020/2020002/maps_20200102_0600_000_input.nc
2,20200102 17:55:00,20200102 18:00:00,20200102,20200102_1200,10.0,4.0,2020,01,02,1200,/data1/fog-data/fog-maps/2020/2020002/maps_20200102_1200_000_input.nc
3,20200102 23:55:00,20200103 00:00:00,20200102,20200102_1800,10.0,4.0,2020,01,02,1800,/data1/fog-data/fog-maps/2020/2020002/maps_20200102_1800_000_input.nc
4,20200103 05:55:00,20200103 06:00:00,20200103,20200103_0000,10.0,4.0,2020,01,03,0000,/data1/fog-data/fog-maps/2020/2020003/maps_20200103_0000_000_input.nc
5,20200103 11:55:00,20200103 12:00:00,20200103,20200103_0600,10.0,4.0,2020,01,03,0600,/data1/fog-data/fog-maps/2020/2020003/maps_20200103_0600_000_input.nc
6,20200103 17:55:00,20200103 18:00:00,20200103,20200103_1200,10.0,4.0,2020,01,03,1200,/data1/fog-data/fog-maps/2020/2020003/maps_20200103_1200_000_input.nc
7,20200103 23:55:00,20200104 00:00:00,20200103,20200103_1800,10.0,4.0,2020,01,03,1800,/data1/fog-data/fog-maps/2020/2020003/maps_20200103_1800_000_input.nc
8,20200104 05:55:00,20200104 06:00:00,20200104,20200104_0000,10.0,4.0,2020,01,04,0000,/data1/fog-data/fog-maps/2020/2020004/maps_20200104_0000_000_input.nc
9,20200104 11:55:00,20200104 12:00:00,20200104,20200104_0600,10.0,4.0,2020,01,04,0600,/data1/fog-data/fog-maps/2020/2020004/maps_20200104_0600_000_input.nc
10,20200104 17:55:00,20200104 18:00:00,20200104,20200104_1200,10.0,4.0,2020,01,04,1200,/data1/fog-data/fog-maps/2020/2020004/maps_20200104_1200_000_input.nc
11,20200104 23:55:00,20200105 00:00:00,20200104,20200104_1800,10.0,4.0,2020,01,04,1800,/data1/fog-data/fog-maps/2020/2020004/maps_20200104_1800_000_input.nc
12,20200105 05:55:00,20200105 06:00:00,20200105,20200105_0000,10.0,4.0,2020,01,05,0000,/data1/fog-data/fog-maps/2020/2020005/maps_20200105_0000_000_input.nc
13,20200105 11:55:00,20200105 12:00:00,20200105,20200105_0600,10.0,4.0,2020,01,05,0600,/data1/fog-data/fog-maps/2020/2020005/maps_20200105_0600_000_input.nc
14,20200105 17:55:00,20200105 18:00:00,20200105,20200105_1200,10.0,4.0,2020,01,05,1200,/data1/fog-data/fog-maps/2020/2020005/maps_20200105_1200_000_input.nc
15,20200105 23:55:00,20200106 00:00:00,20200105,20200105_1800,10.0,4.0,2020,01,05,1800,/data1/fog-data/fog-maps/2020/2020005/maps_20200105_1800_000_input.nc
16,20200106 05:55:00,20200106 06:00:00,20200106,20200106_0000,10.0,4.0,2020,01,06,0000,/data1/fog-data/fog-maps/2020/2020006/maps_20200106_0000_000_input.nc
17,20200106 11:55:00,20200106 12:00:00,20200106,20200106_0600,10.0,4.0,2020,01,06,0600,/data1/fog-data/fog-maps/2020/2020006/maps_20200106_0600_000_input.nc
18,20200106 17:55:00,20200106 18:00:00,20200106,20200106_1200,10.0,4.0,2020,01,06,1200,/data1/fog-data/fog-maps/2020/2020006/maps_20200106_1200_000_input.nc
19,20200106 23:55:00,20200107 00:00:00,20200106,20200106_1800,10.0,4.0,2020,01,06,1800,/data1/fog-data/fog-maps/2020/2020006/maps_20200106_1800_000_input.nc
20,20200107 05:55:00,20200107 06:00:00,20200107,20200107_0000,10.0,4.0,2020,01,07,0000,/data1/fog-data/fog-maps/2020/2020007/maps_20200107_0000_000_input.nc
21,20200107 11:55:00,20200107 12:00:00,20200107,20200107_0600,10.0,4.0,2020,01,07,0600,/data1/fog-data/fog-maps/2020/2020007/maps_20200107_0600_000_input.nc
22,20200107 17:55:00,20200107 18:00:00,20200107,20200107_1200,10.0,4.0,2020,01,07,1200,/data1/fog-data/fog-maps/2020/2020007/maps_20200107_1200_000_input.nc
23,20200107 23:55:00,20200108 00:00:00,20200107,20200107_1800,10.0,4.0,2020,01,07,1800,/data1/fog-data/fog-maps/2020/2020007/maps_20200107_1800_000_input.nc
24,20200108 05:55:00,20200108 06:00:00,20200108,20200108_0000,10.0,4.0,2020,01,08,0000,/data1/fog-data/fog-maps/2020/2020008/maps_20200108_0000_000_input.nc
25,20200108 11:55:00,20200108 12:00:00,20200108,20200108_0600,10.0,4.0,2020,01,08,0600,/data1/fog-data/fog-maps/2020/2020008/maps_20200108_0600_000_input.nc
26,20200108 17:55:00,20200108 18:00:00,20200108,20200108_1200,10.0,4.0,2020,01,08,1200,/data1/fog-data/fog-maps/2020/2020008/maps_20200108_1200_000_input.nc
27,20200108 23:55:00,20200109 00:00:00,20200108,20200108_1800,10.0,4.0,2020,01,08,1800,/data1/fog-data/fog-maps/2020/2020008/maps_20200108_1800_000_input.nc
28,20200109 05:55:00,20200109 06:00:00,20200109,20200109_0000,10.0,4.0,2020,01,09,0000,/data1/fog-data/fog-maps/2020/2020009/maps_20200109_0000_000_input.nc
29,20200109 11:55:00,20200109 12:00:00,20200109,20200109_0600,7.0,4.0,2020,01,09,0600,/data1/fog-data/fog-maps/2020/2020009/maps_20200109_0600_000_input.nc
30,20200109 17:55:00,20200109 18:00:00,20200109,20200109_1200,7.0,4.0,2020,01,09,1200,/data1/fog-data/fog-maps/2020/2020009/maps_20200109_1200_000_input.nc
31,20200109 23:55:00,20200110 00:00:00,20200109,20200109_1800,7.0,4.0,2020,01,09,1800,/data1/fog-data/fog-maps/2020/2020009/maps_20200109_1800_000_input.nc
32,20200110 05:55:00,20200110 06:00:00,20200110,20200110_0000,7.0,4.0,2020,01,10,0000,/data1/fog-data/fog-maps/2020/2020010/maps_20200110_0000_000_input.nc
33,20200110 11:55:00,20200110 12:00:00,20200110,20200110_0600,7.0,4.0,2020,01,10,0600,/data1/fog-data/fog-maps/2020/2020010/maps_20200110_0600_000_input.nc
34,20200110 17:55:00,20200110 18:00:00,20200110,20200110_1200,7.0,4.0,2020,01,10,1200,/data1/fog-data/fog-maps/2020/2020010/maps_20200110_1200_000_input.nc
35,20200110 23:55:00,20200111 00:00:00,20200110,20200110_1800,4.0,2.0,2020,01,10,1800,/data1/fog-data/fog-maps/2020/2020010/maps_20200110_1800_000_input.nc
36,20200112 05:55:00,20200112 06:00:00,20200112,20200112_0000,10.0,4.0,2020,01,12,0000,/data1/fog-data/fog-maps/2020/2020012/maps_20200112_0000_000_input.nc
37,20200112 11:55:00,20200112 12:00:00,20200112,20200112_0600,10.0,4.0,2020,01,12,0600,/data1/fog-data/fog-maps/2020/2020012/maps_20200112_0600_000_input.nc
38,20200112 17:55:00,20200112 18:00:00,20200112,20200112_1200,10.0,4.0,2020,01,12,1200,/data1/fog-data/fog-maps/2020/2020012/maps_20200112_1200_000_input.nc
39,20200112 23:55:00,20200113 00:00:00,20200112,20200112_1800,10.0,4.0,2020,01,12,1800,/data1/fog-data/fog-maps/2020/2020012/maps_20200112_1800_000_input.nc
40,20200113 05:55:00,20200113 06:00:00,20200113,20200113_0000,10.0,4.0,2020,01,13,0000,/data1/fog-data/fog-maps/2020/2020013/maps_20200113_0000_000_input.nc
41,20200113 11:55:00,20200113 12:00:00,20200113,20200113_0600,7.0,4.0,2020,01,13,0600,/data1/fog-data/fog-maps/2020/2020013/maps_20200113_0600_000_input.nc
42,20200113 17:55:00,20200113 18:00:00,20200113,20200113_1200,10.0,4.0,2020,01,13,1200,/data1/fog-data/fog-maps/2020/2020013/maps_20200113_1200_000_input.nc
43,20200113 23:55:00,20200114 00:00:00,20200113,20200113_1800,0.25,0.0,2020,01,13,1800,/data1/fog-data/fog-maps/2020/2020013/maps_20200113_1800_000_input.nc
44,20200114 05:55:00,20200114 06:00:00,20200114,20200114_0000,0.5,0.0,2020,01,14,0000,/data1/fog-data/fog-maps/2020/2020014/maps_20200114_0000_000_input.nc
45,20200114 11:55:00,20200114 12:00:00,20200114,20200114_0600,0.75,0.0,2020,01,14,0600,/data1/fog-data/fog-maps/2020/2020014/maps_20200114_0600_000_input.nc
46,20200114 17:55:00,20200114 18:00:00,20200114,20200114_1200,0.25,0.0,2020,01,14,1200,/data1/fog-data/fog-maps/2020/2020014/maps_20200114_1200_000_input.nc
47,20200114 23:55:00,20200115 00:00:00,20200114,20200114_1800,0.5,0.0,2020,01,14,1800,/data1/fog-data/fog-maps/2020/2020014/maps_20200114_1800_000_input.nc
48,20200115 05:55:00,20200115 06:00:00,20200115,20200115_0000,0.5,0.0,2020,01,15,0000,/data1/fog-data/fog-maps/2020/2020015/maps_20200115_0000_000_input.nc
49,20200115 11:55:00,20200115 12:00:00,20200115,20200115_0600,3.0,2.0,2020,01,15,0600,/data1/fog-data/fog-maps/2020/2020015/maps_20200115_0600_000_input.nc
50,20200115 17:55:00,20200115 18:00:00,20200115,20200115_1200,0.5,0.0,2020,01,15,1200,/data1/fog-data/fog-maps/2020/2020015/maps_20200115_1200_000_input.nc
51,20200115 23:55:00,20200116 00:00:00,20200115,20200115_1800,4.0,2.0,2020,01,15,1800,/data1/fog-data/fog-maps/2020/2020015/maps_20200115_1800_000_input.nc
52,20200116 05:55:00,20200116 06:00:00,20200116,20200116_0000,5.0,3.0,2020,01,16,0000,/data1/fog-data/fog-maps/2020/2020016/maps_20200116_0000_000_input.nc
53,20200116 11:55:00,20200116 12:00:00,20200116,20200116_0600,0.25,0.0,2020,01,16,0600,/data1/fog-data/fog-maps/2020/2020016/maps_20200116_0600_000_input.nc
54,20200116 17:55:00,20200116 18:00:00,20200116,20200116_1200,10.0,4.0,2020,01,16,1200,/data1/fog-data/fog-maps/2020/2020016/maps_20200116_1200_000_input.nc
55,20200116 23:55:00,20200117 00:00:00,20200116,20200116_1800,7.0,4.0,2020,01,16,1800,/data1/fog-data/fog-maps/2020/2020016/maps_20200116_1800_000_input.nc
56,20200117 05:55:00,20200117 06:00:00,20200117,20200117_0000,0.75,0.0,2020,01,17,0000,/data1/fog-data/fog-maps/2020/2020017/maps_20200117_0000_000_input.nc
57,20200117 11:55:00,20200117 12:00:00,20200117,20200117_0600,3.0,2.0,2020,01,17,0600,/data1/fog-data/fog-maps/2020/2020017/maps_20200117_0600_000_input.nc
58,20200117 17:55:00,20200117 18:00:00,20200117,20200117_1200,10.0,4.0,2020,01,17,1200,/data1/fog-data/fog-maps/2020/2020017/maps_20200117_1200_000_input.nc
59,20200117 23:55:00,20200118 00:00:00,20200117,20200117_1800,10.0,4.0,2020,01,17,1800,/data1/fog-data/fog-maps/2020/2020017/maps_20200117_1800_000_input.nc
60,20200118 05:55:00,20200118 06:00:00,20200118,20200118_0000,7.0,4.0,2020,01,18,0000,/data1/fog-data/fog-maps/2020/2020018/maps_20200118_0000_000_input.nc
61,20200118 11:55:00,20200118 12:00:00,20200118,20200118_0600,2.5,2.0,2020,01,18,0600,/data1/fog-data/fog-maps/2020/2020018/maps_20200118_0600_000_input.nc
62,20200118 17:55:00,20200118 18:00:00,20200118,20200118_1200,10.0,4.0,2020,01,18,1200,/data1/fog-data/fog-maps/2020/2020018/maps_20200118_1200_000_input.nc
63,20200118 23:55:00,20200119 00:00:00,20200118,20200118_1800,10.0,4.0,2020,01,18,1800,/data1/fog-data/fog-maps/2020/2020018/maps_20200118_1800_000_input.nc
64,20200119 05:55:00,20200119 06:00:00,20200119,20200119_0000,10.0,4.0,2020,01,19,0000,/data1/fog-data/fog-maps/2020/2020019/maps_20200119_0000_000_input.nc
65,20200119 11:55:00,20200119 12:00:00,20200119,20200119_0600,10.0,4.0,2020,01,19,0600,/data1/fog-data/fog-maps/2020/2020019/maps_20200119_0600_000_input.nc
66,20200119 17:55:00,20200119 18:00:00,20200119,20200119_1200,10.0,4.0,2020,01,19,1200,/data1/fog-data/fog-maps/2020/2020019/maps_20200119_1200_000_input.nc
67,20200119 23:55:00,20200120 00:00:00,20200119,20200119_1800,10.0,4.0,2020,01,19,1800,/data1/fog-data/fog-maps/2020/2020019/maps_20200119_1800_000_input.nc
68,20200120 05:55:00,20200120 06:00:00,20200120,20200120_0000,10.0,4.0,2020,01,20,0000,/data1/fog-data/fog-maps/2020/2020020/maps_20200120_0000_000_input.nc
69,20200120 11:55:00,20200120 12:00:00,20200120,20200120_0600,10.0,4.0,2020,01,20,0600,/data1/fog-data/fog-maps/2020/2020020/maps_20200120_0600_000_input.nc
70,20200120 17:55:00,20200120 18:00:00,20200120,20200120_1200,10.0,4.0,2020,01,20,1200,/data1/fog-data/fog-maps/2020/2020020/maps_20200120_1200_000_input.nc
71,20200120 23:55:00,20200121 00:00:00,20200120,20200120_1800,10.0,4.0,2020,01,20,1800,/data1/fog-data/fog-maps/2020/2020020/maps_20200120_1800_000_input.nc
72,20200121 05:55:00,20200121 06:00:00,20200121,20200121_0000,10.0,4.0,2020,01,21,0000,/data1/fog-data/fog-maps/2020/2020021/maps_20200121_0000_000_input.nc
73,20200121 11:55:00,20200121 12:00:00,20200121,20200121_0600,10.0,4.0,2020,01,21,0600,/data1/fog-data/fog-maps/2020/2020021/maps_20200121_0600_000_input.nc
74,20200121 17:55:00,20200121 18:00:00,20200121,20200121_1200,10.0,4.0,2020,01,21,1200,/data1/fog-data/fog-maps/2020/2020021/maps_20200121_1200_000_input.nc
75,20200121 23:55:00,20200122 00:00:00,20200121,20200121_1800,10.0,4.0,2020,01,21,1800,/data1/fog-data/fog-maps/2020/2020021/maps_20200121_1800_000_input.nc
76,20200123 05:55:00,20200123 06:00:00,20200123,20200123_0000,3.5,2.0,2020,01,23,0000,/data1/fog-data/fog-maps/2020/2020023/maps_20200123_0000_000_input.nc
77,20200123 11:55:00,20200123 12:00:00,20200123,20200123_0600,0.5,0.0,2020,01,23,0600,/data1/fog-data/fog-maps/2020/2020023/maps_20200123_0600_000_input.nc
78,20200123 17:55:00,20200123 18:00:00,20200123,20200123_1200,10.0,4.0,2020,01,23,1200,/data1/fog-data/fog-maps/2020/2020023/maps_20200123_1200_000_input.nc
79,20200123 23:55:00,20200124 00:00:00,20200123,20200123_1800,10.0,4.0,2020,01,23,1800,/data1/fog-data/fog-maps/2020/2020023/maps_20200123_1800_000_input.nc
80,20200124 05:55:00,20200124 06:00:00,20200124,20200124_0000,10.0,4.0,2020,01,24,0000,/data1/fog-data/fog-maps/2020/2020024/maps_20200124_0000_000_input.nc
81,20200124 11:55:00,20200124 12:00:00,20200124,20200124_0600,10.0,4.0,2020,01,24,0600,/data1/fog-data/fog-maps/2020/2020024/maps_20200124_0600_000_input.nc
82,20200124 17:55:00,20200124 18:00:00,20200124,20200124_1200,10.0,4.0,2020,01,24,1200,/data1/fog-data/fog-maps/2020/2020024/maps_20200124_1200_000_input.nc
83,20200124 23:55:00,20200125 00:00:00,20200124,20200124_1800,10.0,4.0,2020,01,24,1800,/data1/fog-data/fog-maps/2020/2020024/maps_20200124_1800_000_input.nc
84,20200125 05:55:00,20200125 06:00:00,20200125,20200125_0000,10.0,4.0,2020,01,25,0000,/data1/fog-data/fog-maps/2020/2020025/maps_20200125_0000_000_input.nc
85,20200125 11:55:00,20200125 12:00:00,20200125,20200125_0600,10.0,4.0,2020,01,25,0600,/data1/fog-data/fog-maps/2020/2020025/maps_20200125_0600_000_input.nc
86,20200125 17:55:00,20200125 18:00:00,20200125,20200125_1200,10.0,4.0,2020,01,25,1200,/data1/fog-data/fog-maps/2020/2020025/maps_20200125_1200_000_input.nc
87,20200125 23:55:00,20200126 00:00:00,20200125,20200125_1800,10.0,4.0,2020,01,25,1800,/data1/fog-data/fog-maps/2020/2020025/maps_20200125_1800_000_input.nc
88,20200126 05:55:00,20200126 06:00:00,20200126,20200126_0000,7.0,4.0,2020,01,26,0000,/data1/fog-data/fog-maps/2020/2020026/maps_20200126_0000_000_input.nc
89,20200126 11:55:00,20200126 12:00:00,20200126,20200126_0600,4.0,2.0,2020,01,26,0600,/data1/fog-data/fog-maps/2020/2020026/maps_20200126_0600_000_input.nc
90,20200126 17:55:00,20200126 18:00:00,20200126,20200126_1200,10.0,4.0,2020,01,26,1200,/data1/fog-data/fog-maps/2020/2020026/maps_20200126_1200_000_input.nc
91,20200126 23:55:00,20200127 00:00:00,20200126,20200126_1800,10.0,4.0,2020,01,26,1800,/data1/fog-data/fog-maps/2020/2020026/maps_20200126_1800_000_input.nc
92,20200127 05:55:00,20200127 06:00:00,20200127,20200127_0000,1.0,0.0,2020,01,27,0000,/data1/fog-data/fog-maps/2020/2020027/maps_20200127_0000_000_input.nc
93,20200127 11:55:00,20200127 12:00:00,20200127,20200127_0600,0.25,0.0,2020,01,27,0600,/data1/fog-data/fog-maps/2020/2020027/maps_20200127_0600_000_input.nc
94,20200127 17:55:00,20200127 18:00:00,20200127,20200127_1200,10.0,4.0,2020,01,27,1200,/data1/fog-data/fog-maps/2020/2020027/maps_20200127_1200_000_input.nc
95,20200127 23:55:00,20200128 00:00:00,20200127,20200127_1800,10.0,4.0,2020,01,27,1800,/data1/fog-data/fog-maps/2020/2020027/maps_20200127_1800_000_input.nc
96,20200128 05:55:00,20200128 06:00:00,20200128,20200128_0000,10.0,4.0,2020,01,28,0000,/data1/fog-data/fog-maps/2020/2020028/maps_20200128_0000_000_input.nc
97,20200128 11:55:00,20200128 12:00:00,20200128,20200128_0600,10.0,4.0,2020,01,28,0600,/data1/fog-data/fog-maps/2020/2020028/maps_20200128_0600_000_input.nc
98,20200128 17:55:00,20200128 18:00:00,20200128,20200128_1200,10.0,4.0,2020,01,28,1200,/data1/fog-data/fog-maps/2020/2020028/maps_20200128_1200_000_input.nc
99,20200128 23:55:00,20200129 00:00:00,20200128,20200128_1800,10.0,4.0,2020,01,28,1800,/data1/fog-data/fog-maps/2020/2020028/maps_20200128_1800_000_input.nc
100,20200129 05:55:00,20200129 06:00:00,20200129,20200129_0000,10.0,4.0,2020,01,29,0000,/data1/fog-data/fog-maps/2020/2020029/maps_20200129_0000_000_input.nc
101,20200129 11:55:00,20200129 12:00:00,20200129,20200129_0600,10.0,4.0,2020,01,29,0600,/data1/fog-data/fog-maps/2020/2020029/maps_20200129_0600_000_input.nc
102,20200129 17:55:00,20200129 18:00:00,20200129,20200129_1200,10.0,4.0,2020,01,29,1200,/data1/fog-data/fog-maps/2020/2020029/maps_20200129_1200_000_input.nc
103,20200129 23:55:00,20200130 00:00:00,20200129,20200129_1800,10.0,4.0,2020,01,29,1800,/data1/fog-data/fog-maps/2020/2020029/maps_20200129_1800_000_input.nc
104,20200131 05:55:00,20200131 06:00:00,20200131,20200131_0000,10.0,4.0,2020,01,31,0000,/data1/fog-data/fog-maps/2020/2020031/maps_20200131_0000_000_input.nc
105,20200131 11:55:00,20200131 12:00:00,20200131,20200131_0600,10.0,4.0,2020,01,31,0600,/data1/fog-data/fog-maps/2020/2020031/maps_20200131_0600_000_input.nc
106,20200131 17:55:00,20200131 18:00:00,20200131,20200131_1200,10.0,4.0,2020,01,31,1200,/data1/fog-data/fog-maps/2020/2020031/maps_20200131_1200_000_input.nc
107,20200131 23:55:00,20200201 00:00:00,20200131,20200131_1800,10.0,4.0,2020,01,31,1800,/data1/fog-data/fog-maps/2020/2020031/maps_20200131_1800_000_input.nc
108,20200202 05:55:00,20200202 06:00:00,20200202,20200202_0000,10.0,4.0,2020,02,02,0000,/data1/fog-data/fog-maps/2020/2020033/maps_20200202_0000_000_input.nc
109,20200202 11:55:00,20200202 12:00:00,20200202,20200202_0600,10.0,4.0,2020,02,02,0600,/data1/fog-data/fog-maps/2020/2020033/maps_20200202_0600_000_input.nc
110,20200202 17:55:00,20200202 18:00:00,20200202,20200202_1200,10.0,4.0,2020,02,02,1200,/data1/fog-data/fog-maps/2020/2020033/maps_20200202_1200_000_input.nc
111,20200202 23:55:00,20200203 00:00:00,20200202,20200202_1800,10.0,4.0,2020,02,02,1800,/data1/fog-data/fog-maps/2020/2020033/maps_20200202_1800_000_input.nc
112,20200203 05:55:00,20200203 06:00:00,20200203,20200203_0000,10.0,4.0,2020,02,03,0000,/data1/fog-data/fog-maps/2020/2020034/maps_20200203_0000_000_input.nc
113,20200203 11:55:00,20200203 12:00:00,20200203,20200203_0600,10.0,4.0,2020,02,03,0600,/data1/fog-data/fog-maps/2020/2020034/maps_20200203_0600_000_input.nc
114,20200203 17:55:00,20200203 18:00:00,20200203,20200203_1200,10.0,4.0,2020,02,03,1200,/data1/fog-data/fog-maps/2020/2020034/maps_20200203_1200_000_input.nc
115,20200203 23:55:00,20200204 00:00:00,20200203,20200203_1800,10.0,4.0,2020,02,03,1800,/data1/fog-data/fog-maps/2020/2020034/maps_20200203_1800_000_input.nc
116,20200204 05:55:00,20200204 06:00:00,20200204,20200204_0000,10.0,4.0,2020,02,04,0000,/data1/fog-data/fog-maps/2020/2020035/maps_20200204_0000_000_input.nc
117,20200204 11:55:00,20200204 12:00:00,20200204,20200204_0600,5.0,3.0,2020,02,04,0600,/data1/fog-data/fog-maps/2020/2020035/maps_20200204_0600_000_input.nc
118,20200204 17:55:00,20200204 18:00:00,20200204,20200204_1200,7.0,4.0,2020,02,04,1200,/data1/fog-data/fog-maps/2020/2020035/maps_20200204_1200_000_input.nc
119,20200204 23:55:00,20200205 00:00:00,20200204,20200204_1800,7.0,4.0,2020,02,04,1800,/data1/fog-data/fog-maps/2020/2020035/maps_20200204_1800_000_input.nc
120,20200205 05:55:00,20200205 06:00:00,20200205,20200205_0000,0.25,0.0,2020,02,05,0000,/data1/fog-data/fog-maps/2020/2020036/maps_20200205_0000_000_input.nc
121,20200205 11:55:00,20200205 12:00:00,20200205,20200205_0600,7.0,4.0,2020,02,05,0600,/data1/fog-data/fog-maps/2020/2020036/maps_20200205_0600_000_input.nc
122,20200205 17:55:00,20200205 18:00:00,20200205,20200205_1200,10.0,4.0,2020,02,05,1200,/data1/fog-data/fog-maps/2020/2020036/maps_20200205_1200_000_input.nc
123,20200205 23:55:00,20200206 00:00:00,20200205,20200205_1800,10.0,4.0,2020,02,05,1800,/data1/fog-data/fog-maps/2020/2020036/maps_20200205_1800_000_input.nc
124,20200206 05:55:00,20200206 06:00:00,20200206,20200206_0000,10.0,4.0,2020,02,06,0000,/data1/fog-data/fog-maps/2020/2020037/maps_20200206_0000_000_input.nc
125,20200206 11:55:00,20200206 12:00:00,20200206,20200206_0600,10.0,4.0,2020,02,06,0600,/data1/fog-data/fog-maps/2020/2020037/maps_20200206_0600_000_input.nc
126,20200206 17:55:00,20200206 18:00:00,20200206,20200206_1200,10.0,4.0,2020,02,06,1200,/data1/fog-data/fog-maps/2020/2020037/maps_20200206_1200_000_input.nc
127,20200206 23:55:00,20200207 00:00:00,20200206,20200206_1800,10.0,4.0,2020,02,06,1800,/data1/fog-data/fog-maps/2020/2020037/maps_20200206_1800_000_input.nc
128,20200207 05:55:00,20200207 06:00:00,20200207,20200207_0000,10.0,4.0,2020,02,07,0000,/data1/fog-data/fog-maps/2020/2020038/maps_20200207_0000_000_input.nc
129,20200207 11:55:00,20200207 12:00:00,20200207,20200207_0600,10.0,4.0,2020,02,07,0600,/data1/fog-data/fog-maps/2020/2020038/maps_20200207_0600_000_input.nc
130,20200207 17:55:00,20200207 18:00:00,20200207,20200207_1200,10.0,4.0,2020,02,07,1200,/data1/fog-data/fog-maps/2020/2020038/maps_20200207_1200_000_input.nc
131,20200207 23:55:00,20200208 00:00:00,20200207,20200207_1800,10.0,4.0,2020,02,07,1800,/data1/fog-data/fog-maps/2020/2020038/maps_20200207_1800_000_input.nc
132,20200208 05:55:00,20200208 06:00:00,20200208,20200208_0000,10.0,4.0,2020,02,08,0000,/data1/fog-data/fog-maps/2020/2020039/maps_20200208_0000_000_input.nc
133,20200208 11:55:00,20200208 12:00:00,20200208,20200208_0600,10.0,4.0,2020,02,08,0600,/data1/fog-data/fog-maps/2020/2020039/maps_20200208_0600_000_input.nc
134,20200208 17:55:00,20200208 18:00:00,20200208,20200208_1200,10.0,4.0,2020,02,08,1200,/data1/fog-data/fog-maps/2020/2020039/maps_20200208_1200_000_input.nc
135,20200208 23:55:00,20200209 00:00:00,20200208,20200208_1800,10.0,4.0,2020,02,08,1800,/data1/fog-data/fog-maps/2020/2020039/maps_20200208_1800_000_input.nc
136,20200209 05:55:00,20200209 06:00:00,20200209,20200209_0000,10.0,4.0,2020,02,09,0000,/data1/fog-data/fog-maps/2020/2020040/maps_20200209_0000_000_input.nc
137,20200209 11:55:00,20200209 12:00:00,20200209,20200209_0600,10.0,4.0,2020,02,09,0600,/data1/fog-data/fog-maps/2020/2020040/maps_20200209_0600_000_input.nc
138,20200209 17:55:00,20200209 18:00:00,20200209,20200209_1200,7.0,4.0,2020,02,09,1200,/data1/fog-data/fog-maps/2020/2020040/maps_20200209_1200_000_input.nc
139,20200209 23:55:00,20200210 00:00:00,20200209,20200209_1800,4.0,2.0,2020,02,09,1800,/data1/fog-data/fog-maps/2020/2020040/maps_20200209_1800_000_input.nc
140,20200210 05:55:00,20200210 06:00:00,20200210,20200210_0000,4.0,2.0,2020,02,10,0000,/data1/fog-data/fog-maps/2020/2020041/maps_20200210_0000_000_input.nc
141,20200210 11:55:00,20200210 12:00:00,20200210,20200210_0600,3.0,2.0,2020,02,10,0600,/data1/fog-data/fog-maps/2020/2020041/maps_20200210_0600_000_input.nc
142,20200210 17:55:00,20200210 18:00:00,20200210,20200210_1200,7.0,4.0,2020,02,10,1200,/data1/fog-data/fog-maps/2020/2020041/maps_20200210_1200_000_input.nc
143,20200210 23:55:00,20200211 00:00:00,20200210,20200210_1800,5.0,3.0,2020,02,10,1800,/data1/fog-data/fog-maps/2020/2020041/maps_20200210_1800_000_input.nc
144,20200211 05:55:00,20200211 06:00:00,20200211,20200211_0000,4.0,2.0,2020,02,11,0000,/data1/fog-data/fog-maps/2020/2020042/maps_20200211_0000_000_input.nc
145,20200211 11:55:00,20200211 12:00:00,20200211,20200211_0600,2.0,1.0,2020,02,11,0600,/data1/fog-data/fog-maps/2020/2020042/maps_20200211_0600_000_input.nc
146,20200211 17:55:00,20200211 18:00:00,20200211,20200211_1200,1.75,1.0,2020,02,11,1200,/data1/fog-data/fog-maps/2020/2020042/maps_20200211_1200_000_input.nc
147,20200211 23:55:00,20200212 00:00:00,20200211,20200211_1800,2.5,2.0,2020,02,11,1800,/data1/fog-data/fog-maps/2020/2020042/maps_20200211_1800_000_input.nc
148,20200212 05:55:00,20200212 06:00:00,20200212,20200212_0000,3.5,2.0,2020,02,12,0000,/data1/fog-data/fog-maps/2020/2020043/maps_20200212_0000_000_input.nc
149,20200212 11:55:00,20200212 12:00:00,20200212,20200212_0600,10.0,4.0,2020,02,12,0600,/data1/fog-data/fog-maps/2020/2020043/maps_20200212_0600_000_input.nc
150,20200212 17:55:00,20200212 18:00:00,20200212,20200212_1200,10.0,4.0,2020,02,12,1200,/data1/fog-data/fog-maps/2020/2020043/maps_20200212_1200_000_input.nc
151,20200212 23:55:00,20200213 00:00:00,20200212,20200212_1800,10.0,4.0,2020,02,12,1800,/data1/fog-data/fog-maps/2020/2020043/maps_20200212_1800_000_input.nc
152,20200213 05:55:00,20200213 06:00:00,20200213,20200213_0000,10.0,4.0,2020,02,13,0000,/data1/fog-data/fog-maps/2020/2020044/maps_20200213_0000_000_input.nc
153,20200213 11:55:00,20200213 12:00:00,20200213,20200213_0600,10.0,4.0,2020,02,13,0600,/data1/fog-data/fog-maps/2020/2020044/maps_20200213_0600_000_input.nc
154,20200213 17:55:00,20200213 18:00:00,20200213,20200213_1200,10.0,4.0,2020,02,13,1200,/data1/fog-data/fog-maps/2020/2020044/maps_20200213_1200_000_input.nc
155,20200213 23:55:00,20200214 00:00:00,20200213,20200213_1800,10.0,4.0,2020,02,13,1800,/data1/fog-data/fog-maps/2020/2020044/maps_20200213_1800_000_input.nc
156,20200214 05:55:00,20200214 06:00:00,20200214,20200214_0000,10.0,4.0,2020,02,14,0000,/data1/fog-data/fog-maps/2020/2020045/maps_20200214_0000_000_input.nc
157,20200214 11:55:00,20200214 12:00:00,20200214,20200214_0600,10.0,4.0,2020,02,14,0600,/data1/fog-data/fog-maps/2020/2020045/maps_20200214_0600_000_input.nc
158,20200214 17:55:00,20200214 18:00:00,20200214,20200214_1200,10.0,4.0,2020,02,14,1200,/data1/fog-data/fog-maps/2020/2020045/maps_20200214_1200_000_input.nc
159,20200214 23:55:00,20200215 00:00:00,20200214,20200214_1800,10.0,4.0,2020,02,14,1800,/data1/fog-data/fog-maps/2020/2020045/maps_20200214_1800_000_input.nc
160,20200215 05:55:00,20200215 06:00:00,20200215,20200215_0000,10.0,4.0,2020,02,15,0000,/data1/fog-data/fog-maps/2020/2020046/maps_20200215_0000_000_input.nc
161,20200215 11:55:00,20200215 12:00:00,20200215,20200215_0600,10.0,4.0,2020,02,15,0600,/data1/fog-data/fog-maps/2020/2020046/maps_20200215_0600_000_input.nc
162,20200215 17:55:00,20200215 18:00:00,20200215,20200215_1200,10.0,4.0,2020,02,15,1200,/data1/fog-data/fog-maps/2020/2020046/maps_20200215_1200_000_input.nc
163,20200215 23:55:00,20200216 00:00:00,20200215,20200215_1800,10.0,4.0,2020,02,15,1800,/data1/fog-data/fog-maps/2020/2020046/maps_20200215_1800_000_input.nc
164,20200216 05:55:00,20200216 06:00:00,20200216,20200216_0000,10.0,4.0,2020,02,16,0000,/data1/fog-data/fog-maps/2020/2020047/maps_20200216_0000_000_input.nc
165,20200216 11:55:00,20200216 12:00:00,20200216,20200216_0600,7.0,4.0,2020,02,16,0600,/data1/fog-data/fog-maps/2020/2020047/maps_20200216_0600_000_input.nc
166,20200216 17:55:00,20200216 18:00:00,20200216,20200216_1200,10.0,4.0,2020,02,16,1200,/data1/fog-data/fog-maps/2020/2020047/maps_20200216_1200_000_input.nc
167,20200216 23:55:00,20200217 00:00:00,20200216,20200216_1800,10.0,4.0,2020,02,16,1800,/data1/fog-data/fog-maps/2020/2020047/maps_20200216_1800_000_input.nc
168,20200217 05:55:00,20200217 06:00:00,20200217,20200217_0000,10.0,4.0,2020,02,17,0000,/data1/fog-data/fog-maps/2020/2020048/maps_20200217_0000_000_input.nc
169,20200217 11:55:00,20200217 12:00:00,20200217,20200217_0600,3.0,2.0,2020,02,17,0600,/data1/fog-data/fog-maps/2020/2020048/maps_20200217_0600_000_input.nc
170,20200217 17:55:00,20200217 18:00:00,20200217,20200217_1200,3.0,2.0,2020,02,17,1200,/data1/fog-data/fog-maps/2020/2020048/maps_20200217_1200_000_input.nc
171,20200217 23:55:00,20200218 00:00:00,20200217,20200217_1800,7.0,4.0,2020,02,17,1800,/data1/fog-data/fog-maps/2020/2020048/maps_20200217_1800_000_input.nc
172,20200218 05:55:00,20200218 06:00:00,20200218,20200218_0000,1.25,1.0,2020,02,18,0000,/data1/fog-data/fog-maps/2020/2020049/maps_20200218_0000_000_input.nc
173,20200218 11:55:00,20200218 12:00:00,20200218,20200218_0600,3.5,2.0,2020,02,18,0600,/data1/fog-data/fog-maps/2020/2020049/maps_20200218_0600_000_input.nc
174,20200218 17:55:00,20200218 18:00:00,20200218,20200218_1200,10.0,4.0,2020,02,18,1200,/data1/fog-data/fog-maps/2020/2020049/maps_20200218_1200_000_input.nc
175,20200218 23:55:00,20200219 00:00:00,20200218,20200218_1800,7.0,4.0,2020,02,18,1800,/data1/fog-data/fog-maps/2020/2020049/maps_20200218_1800_000_input.nc
176,20200219 05:55:00,20200219 06:00:00,20200219,20200219_0000,7.0,4.0,2020,02,19,0000,/data1/fog-data/fog-maps/2020/2020050/maps_20200219_0000_000_input.nc
177,20200219 11:55:00,20200219 12:00:00,20200219,20200219_0600,7.0,4.0,2020,02,19,0600,/data1/fog-data/fog-maps/2020/2020050/maps_20200219_0600_000_input.nc
178,20200219 17:55:00,20200219 18:00:00,20200219,20200219_1200,10.0,4.0,2020,02,19,1200,/data1/fog-data/fog-maps/2020/2020050/maps_20200219_1200_000_input.nc
179,20200219 23:55:00,20200220 00:00:00,20200219,20200219_1800,3.0,2.0,2020,02,19,1800,/data1/fog-data/fog-maps/2020/2020050/maps_20200219_1800_000_input.nc
180,20200220 05:55:00,20200220 06:00:00,20200220,20200220_0000,3.5,2.0,2020,02,20,0000,/data1/fog-data/fog-maps/2020/2020051/maps_20200220_0000_000_input.nc
181,20200220 11:55:00,20200220 12:00:00,20200220,20200220_0600,10.0,4.0,2020,02,20,0600,/data1/fog-data/fog-maps/2020/2020051/maps_20200220_0600_000_input.nc
182,20200220 17:55:00,20200220 18:00:00,20200220,20200220_1200,10.0,4.0,2020,02,20,1200,/data1/fog-data/fog-maps/2020/2020051/maps_20200220_1200_000_input.nc
183,20200220 23:55:00,20200221 00:00:00,20200220,20200220_1800,7.0,4.0,2020,02,20,1800,/data1/fog-data/fog-maps/2020/2020051/maps_20200220_1800_000_input.nc
184,20200221 05:55:00,20200221 06:00:00,20200221,20200221_0000,10.0,4.0,2020,02,21,0000,/data1/fog-data/fog-maps/2020/2020052/maps_20200221_0000_000_input.nc
185,20200221 11:55:00,20200221 12:00:00,20200221,20200221_0600,10.0,4.0,2020,02,21,0600,/data1/fog-data/fog-maps/2020/2020052/maps_20200221_0600_000_input.nc
186,20200221 17:55:00,20200221 18:00:00,20200221,20200221_1200,10.0,4.0,2020,02,21,1200,/data1/fog-data/fog-maps/2020/2020052/maps_20200221_1200_000_input.nc
187,20200221 23:55:00,20200222 00:00:00,20200221,20200221_1800,10.0,4.0,2020,02,21,1800,/data1/fog-data/fog-maps/2020/2020052/maps_20200221_1800_000_input.nc
188,20200222 05:55:00,20200222 06:00:00,20200222,20200222_0000,10.0,4.0,2020,02,22,0000,/data1/fog-data/fog-maps/2020/2020053/maps_20200222_0000_000_input.nc
189,20200222 11:55:00,20200222 12:00:00,20200222,20200222_0600,10.0,4.0,2020,02,22,0600,/data1/fog-data/fog-maps/2020/2020053/maps_20200222_0600_000_input.nc
190,20200222 17:55:00,20200222 18:00:00,20200222,20200222_1200,10.0,4.0,2020,02,22,1200,/data1/fog-data/fog-maps/2020/2020053/maps_20200222_1200_000_input.nc
191,20200222 23:55:00,20200223 00:00:00,20200222,20200222_1800,10.0,4.0,2020,02,22,1800,/data1/fog-data/fog-maps/2020/2020053/maps_20200222_1800_000_input.nc
192,20200223 05:55:00,20200223 06:00:00,20200223,20200223_0000,10.0,4.0,2020,02,23,0000,/data1/fog-data/fog-maps/2020/2020054/maps_20200223_0000_000_input.nc
193,20200223 11:55:00,20200223 12:00:00,20200223,20200223_0600,10.0,4.0,2020,02,23,0600,/data1/fog-data/fog-maps/2020/2020054/maps_20200223_0600_000_input.nc
194,20200223 17:55:00,20200223 18:00:00,20200223,20200223_1200,10.0,4.0,2020,02,23,1200,/data1/fog-data/fog-maps/2020/2020054/maps_20200223_1200_000_input.nc
195,20200223 23:55:00,20200224 00:00:00,20200223,20200223_1800,10.0,4.0,2020,02,23,1800,/data1/fog-data/fog-maps/2020/2020054/maps_20200223_1800_000_input.nc
196,20200224 05:55:00,20200224 06:00:00,20200224,20200224_0000,10.0,4.0,2020,02,24,0000,/data1/fog-data/fog-maps/2020/2020055/maps_20200224_0000_000_input.nc
197,20200224 11:55:00,20200224 12:00:00,20200224,20200224_0600,7.0,4.0,2020,02,24,0600,/data1/fog-data/fog-maps/2020/2020055/maps_20200224_0600_000_input.nc
198,20200224 17:55:00,20200224 18:00:00,20200224,20200224_1200,10.0,4.0,2020,02,24,1200,/data1/fog-data/fog-maps/2020/2020055/maps_20200224_1200_000_input.nc
199,20200224 23:55:00,20200225 00:00:00,20200224,20200224_1800,10.0,4.0,2020,02,24,1800,/data1/fog-data/fog-maps/2020/2020055/maps_20200224_1800_000_input.nc
200,20200225 05:55:00,20200225 06:00:00,20200225,20200225_0000,10.0,4.0,2020,02,25,0000,/data1/fog-data/fog-maps/2020/2020056/maps_20200225_0000_000_input.nc
201,20200225 11:55:00,20200225 12:00:00,20200225,20200225_0600,10.0,4.0,2020,02,25,0600,/data1/fog-data/fog-maps/2020/2020056/maps_20200225_0600_000_input.nc
202,20200225 17:50:00,20200225 18:00:00,20200225,20200225_1200,10.0,4.0,2020,02,25,1200,/data1/fog-data/fog-maps/2020/2020056/maps_20200225_1200_000_input.nc
203,20200225 23:55:00,20200226 00:00:00,20200225,20200225_1800,10.0,4.0,2020,02,25,1800,/data1/fog-data/fog-maps/2020/2020056/maps_20200225_1800_000_input.nc
204,20200226 05:55:00,20200226 06:00:00,20200226,20200226_0000,10.0,4.0,2020,02,26,0000,/data1/fog-data/fog-maps/2020/2020057/maps_20200226_0000_000_input.nc
205,20200226 11:55:00,20200226 12:00:00,20200226,20200226_0600,10.0,4.0,2020,02,26,0600,/data1/fog-data/fog-maps/2020/2020057/maps_20200226_0600_000_input.nc
206,20200226 17:55:00,20200226 18:00:00,20200226,20200226_1200,10.0,4.0,2020,02,26,1200,/data1/fog-data/fog-maps/2020/2020057/maps_20200226_1200_000_input.nc
207,20200226 23:55:00,20200227 00:00:00,20200226,20200226_1800,10.0,4.0,2020,02,26,1800,/data1/fog-data/fog-maps/2020/2020057/maps_20200226_1800_000_input.nc
208,20200227 05:55:00,20200227 06:00:00,20200227,20200227_0000,10.0,4.0,2020,02,27,0000,/data1/fog-data/fog-maps/2020/2020058/maps_20200227_0000_000_input.nc
209,20200227 11:55:00,20200227 12:00:00,20200227,20200227_0600,10.0,4.0,2020,02,27,0600,/data1/fog-data/fog-maps/2020/2020058/maps_20200227_0600_000_input.nc
210,20200227 17:55:00,20200227 18:00:00,20200227,20200227_1200,10.0,4.0,2020,02,27,1200,/data1/fog-data/fog-maps/2020/2020058/maps_20200227_1200_000_input.nc
211,20200227 23:55:00,20200228 00:00:00,20200227,20200227_1800,10.0,4.0,2020,02,27,1800,/data1/fog-data/fog-maps/2020/2020058/maps_20200227_1800_000_input.nc
212,20200228 05:55:00,20200228 06:00:00,20200228,20200228_0000,10.0,4.0,2020,02,28,0000,/data1/fog-data/fog-maps/2020/2020059/maps_20200228_0000_000_input.nc
213,20200228 11:55:00,20200228 12:00:00,20200228,20200228_0600,10.0,4.0,2020,02,28,0600,/data1/fog-data/fog-maps/2020/2020059/maps_20200228_0600_000_input.nc
214,20200228 17:55:00,20200228 18:00:00,20200228,20200228_1200,10.0,4.0,2020,02,28,1200,/data1/fog-data/fog-maps/2020/2020059/maps_20200228_1200_000_input.nc
215,20200228 23:55:00,20200229 00:00:00,20200228,20200228_1800,10.0,4.0,2020,02,28,1800,/data1/fog-data/fog-maps/2020/2020059/maps_20200228_1800_000_input.nc
216,20200229 05:55:00,20200229 06:00:00,20200229,20200229_0000,10.0,4.0,2020,02,29,0000,/data1/fog-data/fog-maps/2020/2020060/maps_20200229_0000_000_input.nc
217,20200229 11:55:00,20200229 12:00:00,20200229,20200229_0600,10.0,4.0,2020,02,29,0600,/data1/fog-data/fog-maps/2020/2020060/maps_20200229_0600_000_input.nc
218,20200229 17:55:00,20200229 18:00:00,20200229,20200229_1200,10.0,4.0,2020,02,29,1200,/data1/fog-data/fog-maps/2020/2020060/maps_20200229_1200_000_input.nc
219,20200229 23:55:00,20200301 00:00:00,20200229,20200229_1800,10.0,4.0,2020,02,29,1800,/data1/fog-data/fog-maps/2020/2020060/maps_20200229_1800_000_input.nc
220,20200303 05:55:00,20200303 06:00:00,20200303,20200303_0000,2.5,2.0,2020,03,03,0000,/data1/fog-data/fog-maps/2020/2020063/maps_20200303_0000_000_input.nc
221,20200303 11:55:00,20200303 12:00:00,20200303,20200303_0600,2.0,1.0,2020,03,03,0600,/data1/fog-data/fog-maps/2020/2020063/maps_20200303_0600_000_input.nc
222,20200303 17:55:00,20200303 18:00:00,20200303,20200303_1200,10.0,4.0,2020,03,03,1200,/data1/fog-data/fog-maps/2020/2020063/maps_20200303_1200_000_input.nc
223,20200303 23:55:00,20200304 00:00:00,20200303,20200303_1800,7.0,4.0,2020,03,03,1800,/data1/fog-data/fog-maps/2020/2020063/maps_20200303_1800_000_input.nc
224,20200304 05:55:00,20200304 06:00:00,20200304,20200304_0000,1.5,1.0,2020,03,04,0000,/data1/fog-data/fog-maps/2020/2020064/maps_20200304_0000_000_input.nc
225,20200304 11:55:00,20200304 12:00:00,20200304,20200304_0600,0.5,0.0,2020,03,04,0600,/data1/fog-data/fog-maps/2020/2020064/maps_20200304_0600_000_input.nc
226,20200304 17:55:00,20200304 18:00:00,20200304,20200304_1200,10.0,4.0,2020,03,04,1200,/data1/fog-data/fog-maps/2020/2020064/maps_20200304_1200_000_input.nc
227,20200304 23:55:00,20200305 00:00:00,20200304,20200304_1800,10.0,4.0,2020,03,04,1800,/data1/fog-data/fog-maps/2020/2020064/maps_20200304_1800_000_input.nc
228,20200306 05:55:00,20200306 06:00:00,20200306,20200306_0000,10.0,4.0,2020,03,06,0000,/data1/fog-data/fog-maps/2020/2020066/maps_20200306_0000_000_input.nc
229,20200306 11:55:00,20200306 12:00:00,20200306,20200306_0600,10.0,4.0,2020,03,06,0600,/data1/fog-data/fog-maps/2020/2020066/maps_20200306_0600_000_input.nc
230,20200306 17:55:00,20200306 18:00:00,20200306,20200306_1200,10.0,4.0,2020,03,06,1200,/data1/fog-data/fog-maps/2020/2020066/maps_20200306_1200_000_input.nc
231,20200306 23:55:00,20200307 00:00:00,20200306,20200306_1800,10.0,4.0,2020,03,06,1800,/data1/fog-data/fog-maps/2020/2020066/maps_20200306_1800_000_input.nc
232,20200307 05:55:00,20200307 06:00:00,20200307,20200307_0000,10.0,4.0,2020,03,07,0000,/data1/fog-data/fog-maps/2020/2020067/maps_20200307_0000_000_input.nc
233,20200307 11:55:00,20200307 12:00:00,20200307,20200307_0600,10.0,4.0,2020,03,07,0600,/data1/fog-data/fog-maps/2020/2020067/maps_20200307_0600_000_input.nc
234,20200307 17:55:00,20200307 18:00:00,20200307,20200307_1200,10.0,4.0,2020,03,07,1200,/data1/fog-data/fog-maps/2020/2020067/maps_20200307_1200_000_input.nc
235,20200307 23:55:00,20200308 00:00:00,20200307,20200307_1800,10.0,4.0,2020,03,07,1800,/data1/fog-data/fog-maps/2020/2020067/maps_20200307_1800_000_input.nc
236,20200308 05:55:00,20200308 06:00:00,20200308,20200308_0000,10.0,4.0,2020,03,08,0000,/data1/fog-data/fog-maps/2020/2020068/maps_20200308_0000_000_input.nc
237,20200308 11:55:00,20200308 12:00:00,20200308,20200308_0600,10.0,4.0,2020,03,08,0600,/data1/fog-data/fog-maps/2020/2020068/maps_20200308_0600_000_input.nc
238,20200308 17:55:00,20200308 18:00:00,20200308,20200308_1200,10.0,4.0,2020,03,08,1200,/data1/fog-data/fog-maps/2020/2020068/maps_20200308_1200_000_input.nc
239,20200308 23:55:00,20200309 00:00:00,20200308,20200308_1800,10.0,4.0,2020,03,08,1800,/data1/fog-data/fog-maps/2020/2020068/maps_20200308_1800_000_input.nc
240,20200309 05:55:00,20200309 06:00:00,20200309,20200309_0000,10.0,4.0,2020,03,09,0000,/data1/fog-data/fog-maps/2020/2020069/maps_20200309_0000_000_input.nc
241,20200309 11:55:00,20200309 12:00:00,20200309,20200309_0600,10.0,4.0,2020,03,09,0600,/data1/fog-data/fog-maps/2020/2020069/maps_20200309_0600_000_input.nc
242,20200309 17:55:00,20200309 18:00:00,20200309,20200309_1200,10.0,4.0,2020,03,09,1200,/data1/fog-data/fog-maps/2020/2020069/maps_20200309_1200_000_input.nc
243,20200309 23:55:00,20200310 00:00:00,20200309,20200309_1800,10.0,4.0,2020,03,09,1800,/data1/fog-data/fog-maps/2020/2020069/maps_20200309_1800_000_input.nc
244,20200310 05:55:00,20200310 06:00:00,20200310,20200310_0000,7.0,4.0,2020,03,10,0000,/data1/fog-data/fog-maps/2020/2020070/maps_20200310_0000_000_input.nc
245,20200310 11:55:00,20200310 12:00:00,20200310,20200310_0600,2.0,1.0,2020,03,10,0600,/data1/fog-data/fog-maps/2020/2020070/maps_20200310_0600_000_input.nc
246,20200310 17:55:00,20200310 18:00:00,20200310,20200310_1200,10.0,4.0,2020,03,10,1200,/data1/fog-data/fog-maps/2020/2020070/maps_20200310_1200_000_input.nc
247,20200310 23:55:00,20200311 00:00:00,20200310,20200310_1800,7.0,4.0,2020,03,10,1800,/data1/fog-data/fog-maps/2020/2020070/maps_20200310_1800_000_input.nc
248,20200311 05:55:00,20200311 06:00:00,20200311,20200311_0000,5.0,3.0,2020,03,11,0000,/data1/fog-data/fog-maps/2020/2020071/maps_20200311_0000_000_input.nc
249,20200311 11:55:00,20200311 12:00:00,20200311,20200311_0600,0.75,0.0,2020,03,11,0600,/data1/fog-data/fog-maps/2020/2020071/maps_20200311_0600_000_input.nc
250,20200311 17:55:00,20200311 18:00:00,20200311,20200311_1200,10.0,4.0,2020,03,11,1200,/data1/fog-data/fog-maps/2020/2020071/maps_20200311_1200_000_input.nc
251,20200311 23:55:00,20200312 00:00:00,20200311,20200311_1800,10.0,4.0,2020,03,11,1800,/data1/fog-data/fog-maps/2020/2020071/maps_20200311_1800_000_input.nc
252,20200312 05:55:00,20200312 06:00:00,20200312,20200312_0000,10.0,4.0,2020,03,12,0000,/data1/fog-data/fog-maps/2020/2020072/maps_20200312_0000_000_input.nc
253,20200312 11:55:00,20200312 12:00:00,20200312,20200312_0600,7.0,4.0,2020,03,12,0600,/data1/fog-data/fog-maps/2020/2020072/maps_20200312_0600_000_input.nc
254,20200312 17:55:00,20200312 18:00:00,20200312,20200312_1200,10.0,4.0,2020,03,12,1200,/data1/fog-data/fog-maps/2020/2020072/maps_20200312_1200_000_input.nc
255,20200312 23:55:00,20200313 00:00:00,20200312,20200312_1800,10.0,4.0,2020,03,12,1800,/data1/fog-data/fog-maps/2020/2020072/maps_20200312_1800_000_input.nc
256,20200313 05:55:00,20200313 06:00:00,20200313,20200313_0000,7.0,4.0,2020,03,13,0000,/data1/fog-data/fog-maps/2020/2020073/maps_20200313_0000_000_input.nc
257,20200313 11:55:00,20200313 12:00:00,20200313,20200313_0600,3.0,2.0,2020,03,13,0600,/data1/fog-data/fog-maps/2020/2020073/maps_20200313_0600_000_input.nc
258,20200313 17:55:00,20200313 18:00:00,20200313,20200313_1200,10.0,4.0,2020,03,13,1200,/data1/fog-data/fog-maps/2020/2020073/maps_20200313_1200_000_input.nc
259,20200313 23:55:00,20200314 00:00:00,20200313,20200313_1800,10.0,4.0,2020,03,13,1800,/data1/fog-data/fog-maps/2020/2020073/maps_20200313_1800_000_input.nc
260,20200314 05:55:00,20200314 06:00:00,20200314,20200314_0000,10.0,4.0,2020,03,14,0000,/data1/fog-data/fog-maps/2020/2020074/maps_20200314_0000_000_input.nc
261,20200314 11:55:00,20200314 12:00:00,20200314,20200314_0600,7.0,4.0,2020,03,14,0600,/data1/fog-data/fog-maps/2020/2020074/maps_20200314_0600_000_input.nc
262,20200314 17:55:00,20200314 18:00:00,20200314,20200314_1200,10.0,4.0,2020,03,14,1200,/data1/fog-data/fog-maps/2020/2020074/maps_20200314_1200_000_input.nc
263,20200314 23:55:00,20200315 00:00:00,20200314,20200314_1800,10.0,4.0,2020,03,14,1800,/data1/fog-data/fog-maps/2020/2020074/maps_20200314_1800_000_input.nc
264,20200315 05:55:00,20200315 06:00:00,20200315,20200315_0000,7.0,4.0,2020,03,15,0000,/data1/fog-data/fog-maps/2020/2020075/maps_20200315_0000_000_input.nc
265,20200315 11:55:00,20200315 12:00:00,20200315,20200315_0600,4.0,2.0,2020,03,15,0600,/data1/fog-data/fog-maps/2020/2020075/maps_20200315_0600_000_input.nc
266,20200315 17:55:00,20200315 18:00:00,20200315,20200315_1200,10.0,4.0,2020,03,15,1200,/data1/fog-data/fog-maps/2020/2020075/maps_20200315_1200_000_input.nc
267,20200315 23:55:00,20200316 00:00:00,20200315,20200315_1800,1.0,0.0,2020,03,15,1800,/data1/fog-data/fog-maps/2020/2020075/maps_20200315_1800_000_input.nc
268,20200316 05:55:00,20200316 06:00:00,20200316,20200316_0000,5.0,3.0,2020,03,16,0000,/data1/fog-data/fog-maps/2020/2020076/maps_20200316_0000_000_input.nc
269,20200316 11:55:00,20200316 12:00:00,20200316,20200316_0600,10.0,4.0,2020,03,16,0600,/data1/fog-data/fog-maps/2020/2020076/maps_20200316_0600_000_input.nc
270,20200316 17:55:00,20200316 18:00:00,20200316,20200316_1200,10.0,4.0,2020,03,16,1200,/data1/fog-data/fog-maps/2020/2020076/maps_20200316_1200_000_input.nc
271,20200316 23:55:00,20200317 00:00:00,20200316,20200316_1800,10.0,4.0,2020,03,16,1800,/data1/fog-data/fog-maps/2020/2020076/maps_20200316_1800_000_input.nc
272,20200317 05:55:00,20200317 06:00:00,20200317,20200317_0000,10.0,4.0,2020,03,17,0000,/data1/fog-data/fog-maps/2020/2020077/maps_20200317_0000_000_input.nc
273,20200317 11:55:00,20200317 12:00:00,20200317,20200317_0600,2.0,1.0,2020,03,17,0600,/data1/fog-data/fog-maps/2020/2020077/maps_20200317_0600_000_input.nc
274,20200317 17:55:00,20200317 18:00:00,20200317,20200317_1200,10.0,4.0,2020,03,17,1200,/data1/fog-data/fog-maps/2020/2020077/maps_20200317_1200_000_input.nc
275,20200317 23:55:00,20200318 00:00:00,20200317,20200317_1800,10.0,4.0,2020,03,17,1800,/data1/fog-data/fog-maps/2020/2020077/maps_20200317_1800_000_input.nc
276,20200319 05:55:00,20200319 06:00:00,20200319,20200319_0000,7.0,4.0,2020,03,19,0000,/data1/fog-data/fog-maps/2020/2020079/maps_20200319_0000_000_input.nc
277,20200319 11:55:00,20200319 12:00:00,20200319,20200319_0600,7.0,4.0,2020,03,19,0600,/data1/fog-data/fog-maps/2020/2020079/maps_20200319_0600_000_input.nc
278,20200319 17:55:00,20200319 18:00:00,20200319,20200319_1200,10.0,4.0,2020,03,19,1200,/data1/fog-data/fog-maps/2020/2020079/maps_20200319_1200_000_input.nc
279,20200319 23:55:00,20200320 00:00:00,20200319,20200319_1800,10.0,4.0,2020,03,19,1800,/data1/fog-data/fog-maps/2020/2020079/maps_20200319_1800_000_input.nc
280,20200320 05:55:00,20200320 06:00:00,20200320,20200320_0000,7.0,4.0,2020,03,20,0000,/data1/fog-data/fog-maps/2020/2020080/maps_20200320_0000_000_input.nc
281,20200320 11:55:00,20200320 12:00:00,20200320,20200320_0600,7.0,4.0,2020,03,20,0600,/data1/fog-data/fog-maps/2020/2020080/maps_20200320_0600_000_input.nc
282,20200320 17:55:00,20200320 18:00:00,20200320,20200320_1200,10.0,4.0,2020,03,20,1200,/data1/fog-data/fog-maps/2020/2020080/maps_20200320_1200_000_input.nc
283,20200320 23:55:00,20200321 00:00:00,20200320,20200320_1800,10.0,4.0,2020,03,20,1800,/data1/fog-data/fog-maps/2020/2020080/maps_20200320_1800_000_input.nc
284,20200322 05:55:00,20200322 06:00:00,20200322,20200322_0000,3.5,2.0,2020,03,22,0000,/data1/fog-data/fog-maps/2020/2020082/maps_20200322_0000_000_input.nc
285,20200322 11:55:00,20200322 12:00:00,20200322,20200322_0600,0.5,0.0,2020,03,22,0600,/data1/fog-data/fog-maps/2020/2020082/maps_20200322_0600_000_input.nc
286,20200322 17:55:00,20200322 18:00:00,20200322,20200322_1200,10.0,4.0,2020,03,22,1200,/data1/fog-data/fog-maps/2020/2020082/maps_20200322_1200_000_input.nc
287,20200322 23:55:00,20200323 00:00:00,20200322,20200322_1800,10.0,4.0,2020,03,22,1800,/data1/fog-data/fog-maps/2020/2020082/maps_20200322_1800_000_input.nc
288,20200323 05:55:00,20200323 06:00:00,20200323,20200323_0000,7.0,4.0,2020,03,23,0000,/data1/fog-data/fog-maps/2020/2020083/maps_20200323_0000_000_input.nc
289,20200323 11:55:00,20200323 12:00:00,20200323,20200323_0600,1.5,1.0,2020,03,23,0600,/data1/fog-data/fog-maps/2020/2020083/maps_20200323_0600_000_input.nc
290,20200323 17:55:00,20200323 18:00:00,20200323,20200323_1200,10.0,4.0,2020,03,23,1200,/data1/fog-data/fog-maps/2020/2020083/maps_20200323_1200_000_input.nc
291,20200323 23:55:00,20200324 00:00:00,20200323,20200323_1800,10.0,4.0,2020,03,23,1800,/data1/fog-data/fog-maps/2020/2020083/maps_20200323_1800_000_input.nc
292,20200324 05:55:00,20200324 06:00:00,20200324,20200324_0000,7.0,4.0,2020,03,24,0000,/data1/fog-data/fog-maps/2020/2020084/maps_20200324_0000_000_input.nc
293,20200324 11:55:00,20200324 12:00:00,20200324,20200324_0600,10.0,4.0,2020,03,24,0600,/data1/fog-data/fog-maps/2020/2020084/maps_20200324_0600_000_input.nc
294,20200324 17:55:00,20200324 18:00:00,20200324,20200324_1200,7.0,4.0,2020,03,24,1200,/data1/fog-data/fog-maps/2020/2020084/maps_20200324_1200_000_input.nc
295,20200324 23:55:00,20200325 00:00:00,20200324,20200324_1800,10.0,4.0,2020,03,24,1800,/data1/fog-data/fog-maps/2020/2020084/maps_20200324_1800_000_input.nc
296,20200325 05:55:00,20200325 06:00:00,20200325,20200325_0000,7.0,4.0,2020,03,25,0000,/data1/fog-data/fog-maps/2020/2020085/maps_20200325_0000_000_input.nc
297,20200325 11:55:00,20200325 12:00:00,20200325,20200325_0600,2.0,1.0,2020,03,25,0600,/data1/fog-data/fog-maps/2020/2020085/maps_20200325_0600_000_input.nc
298,20200325 17:55:00,20200325 18:00:00,20200325,20200325_1200,10.0,4.0,2020,03,25,1200,/data1/fog-data/fog-maps/2020/2020085/maps_20200325_1200_000_input.nc
299,20200325 23:55:00,20200326 00:00:00,20200325,20200325_1800,10.0,4.0,2020,03,25,1800,/data1/fog-data/fog-maps/2020/2020085/maps_20200325_1800_000_input.nc
300,20200326 05:55:00,20200326 06:00:00,20200326,20200326_0000,10.0,4.0,2020,03,26,0000,/data1/fog-data/fog-maps/2020/2020086/maps_20200326_0000_000_input.nc
301,20200326 11:55:00,20200326 12:00:00,20200326,20200326_0600,10.0,4.0,2020,03,26,0600,/data1/fog-data/fog-maps/2020/2020086/maps_20200326_0600_000_input.nc
302,20200326 17:55:00,20200326 18:00:00,20200326,20200326_1200,10.0,4.0,2020,03,26,1200,/data1/fog-data/fog-maps/2020/2020086/maps_20200326_1200_000_input.nc
303,20200326 23:55:00,20200327 00:00:00,20200326,20200326_1800,10.0,4.0,2020,03,26,1800,/data1/fog-data/fog-maps/2020/2020086/maps_20200326_1800_000_input.nc
304,20200327 05:55:00,20200327 06:00:00,20200327,20200327_0000,10.0,4.0,2020,03,27,0000,/data1/fog-data/fog-maps/2020/2020087/maps_20200327_0000_000_input.nc
305,20200327 11:55:00,20200327 12:00:00,20200327,20200327_0600,10.0,4.0,2020,03,27,0600,/data1/fog-data/fog-maps/2020/2020087/maps_20200327_0600_000_input.nc
306,20200327 17:55:00,20200327 18:00:00,20200327,20200327_1200,10.0,4.0,2020,03,27,1200,/data1/fog-data/fog-maps/2020/2020087/maps_20200327_1200_000_input.nc
307,20200327 23:55:00,20200328 00:00:00,20200327,20200327_1800,10.0,4.0,2020,03,27,1800,/data1/fog-data/fog-maps/2020/2020087/maps_20200327_1800_000_input.nc
308,20200328 05:55:00,20200328 06:00:00,20200328,20200328_0000,10.0,4.0,2020,03,28,0000,/data1/fog-data/fog-maps/2020/2020088/maps_20200328_0000_000_input.nc
309,20200328 11:55:00,20200328 12:00:00,20200328,20200328_0600,10.0,4.0,2020,03,28,0600,/data1/fog-data/fog-maps/2020/2020088/maps_20200328_0600_000_input.nc
310,20200328 17:55:00,20200328 18:00:00,20200328,20200328_1200,10.0,4.0,2020,03,28,1200,/data1/fog-data/fog-maps/2020/2020088/maps_20200328_1200_000_input.nc
311,20200328 23:55:00,20200329 00:00:00,20200328,20200328_1800,10.0,4.0,2020,03,28,1800,/data1/fog-data/fog-maps/2020/2020088/maps_20200328_1800_000_input.nc
312,20200330 05:55:00,20200330 06:00:00,20200330,20200330_0000,10.0,4.0,2020,03,30,0000,/data1/fog-data/fog-maps/2020/2020090/maps_20200330_0000_000_input.nc
313,20200330 11:55:00,20200330 12:00:00,20200330,20200330_0600,7.0,4.0,2020,03,30,0600,/data1/fog-data/fog-maps/2020/2020090/maps_20200330_0600_000_input.nc
314,20200330 17:55:00,20200330 18:00:00,20200330,20200330_1200,10.0,4.0,2020,03,30,1200,/data1/fog-data/fog-maps/2020/2020090/maps_20200330_1200_000_input.nc
315,20200330 23:55:00,20200331 00:00:00,20200330,20200330_1800,10.0,4.0,2020,03,30,1800,/data1/fog-data/fog-maps/2020/2020090/maps_20200330_1800_000_input.nc
316,20200331 05:55:00,20200331 06:00:00,20200331,20200331_0000,10.0,4.0,2020,03,31,0000,/data1/fog-data/fog-maps/2020/2020091/maps_20200331_0000_000_input.nc
317,20200331 11:55:00,20200331 12:00:00,20200331,20200331_0600,7.0,4.0,2020,03,31,0600,/data1/fog-data/fog-maps/2020/2020091/maps_20200331_0600_000_input.nc
318,20200331 17:55:00,20200331 18:00:00,20200331,20200331_1200,10.0,4.0,2020,03,31,1200,/data1/fog-data/fog-maps/2020/2020091/maps_20200331_1200_000_input.nc
319,20200331 23:55:00,20200401 00:00:00,20200331,20200331_1800,10.0,4.0,2020,03,31,1800,/data1/fog-data/fog-maps/2020/2020091/maps_20200331_1800_000_input.nc
320,20200401 05:55:00,20200401 06:00:00,20200401,20200401_0000,10.0,4.0,2020,04,01,0000,/data1/fog-data/fog-maps/2020/2020092/maps_20200401_0000_000_input.nc
321,20200401 11:55:00,20200401 12:00:00,20200401,20200401_0600,10.0,4.0,2020,04,01,0600,/data1/fog-data/fog-maps/2020/2020092/maps_20200401_0600_000_input.nc
322,20200401 17:55:00,20200401 18:00:00,20200401,20200401_1200,10.0,4.0,2020,04,01,1200,/data1/fog-data/fog-maps/2020/2020092/maps_20200401_1200_000_input.nc
323,20200401 23:55:00,20200402 00:00:00,20200401,20200401_1800,10.0,4.0,2020,04,01,1800,/data1/fog-data/fog-maps/2020/2020092/maps_20200401_1800_000_input.nc
324,20200403 05:55:00,20200403 06:00:00,20200403,20200403_0000,10.0,4.0,2020,04,03,0000,/data1/fog-data/fog-maps/2020/2020094/maps_20200403_0000_000_input.nc
325,20200403 11:55:00,20200403 12:00:00,20200403,20200403_0600,10.0,4.0,2020,04,03,0600,/data1/fog-data/fog-maps/2020/2020094/maps_20200403_0600_000_input.nc
326,20200403 17:55:00,20200403 18:00:00,20200403,20200403_1200,10.0,4.0,2020,04,03,1200,/data1/fog-data/fog-maps/2020/2020094/maps_20200403_1200_000_input.nc
327,20200403 23:55:00,20200404 00:00:00,20200403,20200403_1800,10.0,4.0,2020,04,03,1800,/data1/fog-data/fog-maps/2020/2020094/maps_20200403_1800_000_input.nc
328,20200405 05:55:00,20200405 06:00:00,20200405,20200405_0000,10.0,4.0,2020,04,05,0000,/data1/fog-data/fog-maps/2020/2020096/maps_20200405_0000_000_input.nc
329,20200405 11:55:00,20200405 12:00:00,20200405,20200405_0600,10.0,4.0,2020,04,05,0600,/data1/fog-data/fog-maps/2020/2020096/maps_20200405_0600_000_input.nc
330,20200405 17:55:00,20200405 18:00:00,20200405,20200405_1200,10.0,4.0,2020,04,05,1200,/data1/fog-data/fog-maps/2020/2020096/maps_20200405_1200_000_input.nc
331,20200405 23:55:00,20200406 00:00:00,20200405,20200405_1800,10.0,4.0,2020,04,05,1800,/data1/fog-data/fog-maps/2020/2020096/maps_20200405_1800_000_input.nc
332,20200407 05:55:00,20200407 06:00:00,20200407,20200407_0000,0.25,0.0,2020,04,07,0000,/data1/fog-data/fog-maps/2020/2020098/maps_20200407_0000_000_input.nc
333,20200407 11:55:00,20200407 12:00:00,20200407,20200407_0600,0.25,0.0,2020,04,07,0600,/data1/fog-data/fog-maps/2020/2020098/maps_20200407_0600_000_input.nc
334,20200407 17:55:00,20200407 18:00:00,20200407,20200407_1200,10.0,4.0,2020,04,07,1200,/data1/fog-data/fog-maps/2020/2020098/maps_20200407_1200_000_input.nc
335,20200407 23:55:00,20200408 00:00:00,20200407,20200407_1800,10.0,4.0,2020,04,07,1800,/data1/fog-data/fog-maps/2020/2020098/maps_20200407_1800_000_input.nc
336,20200408 05:55:00,20200408 06:00:00,20200408,20200408_0000,0.75,0.0,2020,04,08,0000,/data1/fog-data/fog-maps/2020/2020099/maps_20200408_0000_000_input.nc
337,20200408 11:55:00,20200408 12:00:00,20200408,20200408_0600,1.0,0.0,2020,04,08,0600,/data1/fog-data/fog-maps/2020/2020099/maps_20200408_0600_000_input.nc
338,20200408 17:55:00,20200408 18:00:00,20200408,20200408_1200,10.0,4.0,2020,04,08,1200,/data1/fog-data/fog-maps/2020/2020099/maps_20200408_1200_000_input.nc
339,20200408 23:55:00,20200409 00:00:00,20200408,20200408_1800,10.0,4.0,2020,04,08,1800,/data1/fog-data/fog-maps/2020/2020099/maps_20200408_1800_000_input.nc
340,20200409 05:55:00,20200409 06:00:00,20200409,20200409_0000,10.0,4.0,2020,04,09,0000,/data1/fog-data/fog-maps/2020/2020100/maps_20200409_0000_000_input.nc
341,20200409 11:55:00,20200409 12:00:00,20200409,20200409_0600,1.0,0.0,2020,04,09,0600,/data1/fog-data/fog-maps/2020/2020100/maps_20200409_0600_000_input.nc
342,20200409 17:55:00,20200409 18:00:00,20200409,20200409_1200,7.0,4.0,2020,04,09,1200,/data1/fog-data/fog-maps/2020/2020100/maps_20200409_1200_000_input.nc
343,20200409 23:55:00,20200410 00:00:00,20200409,20200409_1800,7.0,4.0,2020,04,09,1800,/data1/fog-data/fog-maps/2020/2020100/maps_20200409_1800_000_input.nc
344,20200410 05:55:00,20200410 06:00:00,20200410,20200410_0000,10.0,4.0,2020,04,10,0000,/data1/fog-data/fog-maps/2020/2020101/maps_20200410_0000_000_input.nc
345,20200410 11:55:00,20200410 12:00:00,20200410,20200410_0600,10.0,4.0,2020,04,10,0600,/data1/fog-data/fog-maps/2020/2020101/maps_20200410_0600_000_input.nc
346,20200410 17:55:00,20200410 18:00:00,20200410,20200410_1200,10.0,4.0,2020,04,10,1200,/data1/fog-data/fog-maps/2020/2020101/maps_20200410_1200_000_input.nc
347,20200410 23:55:00,20200411 00:00:00,20200410,20200410_1800,10.0,4.0,2020,04,10,1800,/data1/fog-data/fog-maps/2020/2020101/maps_20200410_1800_000_input.nc
348,20200411 05:55:00,20200411 06:00:00,20200411,20200411_0000,10.0,4.0,2020,04,11,0000,/data1/fog-data/fog-maps/2020/2020102/maps_20200411_0000_000_input.nc
349,20200411 11:55:00,20200411 12:00:00,20200411,20200411_0600,10.0,4.0,2020,04,11,0600,/data1/fog-data/fog-maps/2020/2020102/maps_20200411_0600_000_input.nc
350,20200411 17:55:00,20200411 18:00:00,20200411,20200411_1200,10.0,4.0,2020,04,11,1200,/data1/fog-data/fog-maps/2020/2020102/maps_20200411_1200_000_input.nc
351,20200411 23:55:00,20200412 00:00:00,20200411,20200411_1800,7.0,4.0,2020,04,11,1800,/data1/fog-data/fog-maps/2020/2020102/maps_20200411_1800_000_input.nc
352,20200412 05:55:00,20200412 06:00:00,20200412,20200412_0000,3.0,2.0,2020,04,12,0000,/data1/fog-data/fog-maps/2020/2020103/maps_20200412_0000_000_input.nc
353,20200412 11:55:00,20200412 12:00:00,20200412,20200412_0600,4.0,2.0,2020,04,12,0600,/data1/fog-data/fog-maps/2020/2020103/maps_20200412_0600_000_input.nc
354,20200412 17:55:00,20200412 18:00:00,20200412,20200412_1200,10.0,4.0,2020,04,12,1200,/data1/fog-data/fog-maps/2020/2020103/maps_20200412_1200_000_input.nc
355,20200412 23:55:00,20200413 00:00:00,20200412,20200412_1800,10.0,4.0,2020,04,12,1800,/data1/fog-data/fog-maps/2020/2020103/maps_20200412_1800_000_input.nc
356,20200413 05:55:00,20200413 06:00:00,20200413,20200413_0000,10.0,4.0,2020,04,13,0000,/data1/fog-data/fog-maps/2020/2020104/maps_20200413_0000_000_input.nc
357,20200413 11:55:00,20200413 12:00:00,20200413,20200413_0600,10.0,4.0,2020,04,13,0600,/data1/fog-data/fog-maps/2020/2020104/maps_20200413_0600_000_input.nc
358,20200413 17:55:00,20200413 18:00:00,20200413,20200413_1200,10.0,4.0,2020,04,13,1200,/data1/fog-data/fog-maps/2020/2020104/maps_20200413_1200_000_input.nc
359,20200413 23:55:00,20200414 00:00:00,20200413,20200413_1800,10.0,4.0,2020,04,13,1800,/data1/fog-data/fog-maps/2020/2020104/maps_20200413_1800_000_input.nc
360,20200414 05:55:00,20200414 06:00:00,20200414,20200414_0000,10.0,4.0,2020,04,14,0000,/data1/fog-data/fog-maps/2020/2020105/maps_20200414_0000_000_input.nc
361,20200414 11:55:00,20200414 12:00:00,20200414,20200414_0600,10.0,4.0,2020,04,14,0600,/data1/fog-data/fog-maps/2020/2020105/maps_20200414_0600_000_input.nc
362,20200414 17:55:00,20200414 18:00:00,20200414,20200414_1200,10.0,4.0,2020,04,14,1200,/data1/fog-data/fog-maps/2020/2020105/maps_20200414_1200_000_input.nc
363,20200414 23:55:00,20200415 00:00:00,20200414,20200414_1800,10.0,4.0,2020,04,14,1800,/data1/fog-data/fog-maps/2020/2020105/maps_20200414_1800_000_input.nc
364,20200415 05:55:00,20200415 06:00:00,20200415,20200415_0000,10.0,4.0,2020,04,15,0000,/data1/fog-data/fog-maps/2020/2020106/maps_20200415_0000_000_input.nc
365,20200415 11:55:00,20200415 12:00:00,20200415,20200415_0600,10.0,4.0,2020,04,15,0600,/data1/fog-data/fog-maps/2020/2020106/maps_20200415_0600_000_input.nc
366,20200415 17:55:00,20200415 18:00:00,20200415,20200415_1200,10.0,4.0,2020,04,15,1200,/data1/fog-data/fog-maps/2020/2020106/maps_20200415_1200_000_input.nc
367,20200415 23:55:00,20200416 00:00:00,20200415,20200415_1800,10.0,4.0,2020,04,15,1800,/data1/fog-data/fog-maps/2020/2020106/maps_20200415_1800_000_input.nc
368,20200417 05:55:00,20200417 06:00:00,20200417,20200417_0000,10.0,4.0,2020,04,17,0000,/data1/fog-data/fog-maps/2020/2020108/maps_20200417_0000_000_input.nc
369,20200417 11:55:00,20200417 12:00:00,20200417,20200417_0600,10.0,4.0,2020,04,17,0600,/data1/fog-data/fog-maps/2020/2020108/maps_20200417_0600_000_input.nc
370,20200417 17:55:00,20200417 18:00:00,20200417,20200417_1200,10.0,4.0,2020,04,17,1200,/data1/fog-data/fog-maps/2020/2020108/maps_20200417_1200_000_input.nc
371,20200417 23:55:00,20200418 00:00:00,20200417,20200417_1800,10.0,4.0,2020,04,17,1800,/data1/fog-data/fog-maps/2020/2020108/maps_20200417_1800_000_input.nc
372,20200418 05:55:00,20200418 06:00:00,20200418,20200418_0000,7.0,4.0,2020,04,18,0000,/data1/fog-data/fog-maps/2020/2020109/maps_20200418_0000_000_input.nc
373,20200418 11:55:00,20200418 12:00:00,20200418,20200418_0600,5.0,3.0,2020,04,18,0600,/data1/fog-data/fog-maps/2020/2020109/maps_20200418_0600_000_input.nc
374,20200418 17:55:00,20200418 18:00:00,20200418,20200418_1200,1.25,1.0,2020,04,18,1200,/data1/fog-data/fog-maps/2020/2020109/maps_20200418_1200_000_input.nc
375,20200418 23:55:00,20200419 00:00:00,20200418,20200418_1800,7.0,4.0,2020,04,18,1800,/data1/fog-data/fog-maps/2020/2020109/maps_20200418_1800_000_input.nc
376,20200419 05:55:00,20200419 06:00:00,20200419,20200419_0000,1.0,0.0,2020,04,19,0000,/data1/fog-data/fog-maps/2020/2020110/maps_20200419_0000_000_input.nc
377,20200419 11:55:00,20200419 12:00:00,20200419,20200419_0600,5.0,3.0,2020,04,19,0600,/data1/fog-data/fog-maps/2020/2020110/maps_20200419_0600_000_input.nc
378,20200419 17:55:00,20200419 18:00:00,20200419,20200419_1200,2.5,2.0,2020,04,19,1200,/data1/fog-data/fog-maps/2020/2020110/maps_20200419_1200_000_input.nc
379,20200419 23:55:00,20200420 00:00:00,20200419,20200419_1800,7.0,4.0,2020,04,19,1800,/data1/fog-data/fog-maps/2020/2020110/maps_20200419_1800_000_input.nc
380,20200420 05:55:00,20200420 06:00:00,20200420,20200420_0000,4.0,2.0,2020,04,20,0000,/data1/fog-data/fog-maps/2020/2020111/maps_20200420_0000_000_input.nc
381,20200420 11:55:00,20200420 12:00:00,20200420,20200420_0600,0.25,0.0,2020,04,20,0600,/data1/fog-data/fog-maps/2020/2020111/maps_20200420_0600_000_input.nc
382,20200420 17:55:00,20200420 18:00:00,20200420,20200420_1200,5.0,3.0,2020,04,20,1200,/data1/fog-data/fog-maps/2020/2020111/maps_20200420_1200_000_input.nc
383,20200420 23:55:00,20200421 00:00:00,20200420,20200420_1800,7.0,4.0,2020,04,20,1800,/data1/fog-data/fog-maps/2020/2020111/maps_20200420_1800_000_input.nc
384,20200421 05:55:00,20200421 06:00:00,20200421,20200421_0000,10.0,4.0,2020,04,21,0000,/data1/fog-data/fog-maps/2020/2020112/maps_20200421_0000_000_input.nc
385,20200421 11:55:00,20200421 12:00:00,20200421,20200421_0600,5.0,3.0,2020,04,21,0600,/data1/fog-data/fog-maps/2020/2020112/maps_20200421_0600_000_input.nc
386,20200421 17:55:00,20200421 18:00:00,20200421,20200421_1200,10.0,4.0,2020,04,21,1200,/data1/fog-data/fog-maps/2020/2020112/maps_20200421_1200_000_input.nc
387,20200421 23:55:00,20200422 00:00:00,20200421,20200421_1800,10.0,4.0,2020,04,21,1800,/data1/fog-data/fog-maps/2020/2020112/maps_20200421_1800_000_input.nc
388,20200422 05:55:00,20200422 06:00:00,20200422,20200422_0000,10.0,4.0,2020,04,22,0000,/data1/fog-data/fog-maps/2020/2020113/maps_20200422_0000_000_input.nc
389,20200422 11:55:00,20200422 12:00:00,20200422,20200422_0600,5.0,3.0,2020,04,22,0600,/data1/fog-data/fog-maps/2020/2020113/maps_20200422_0600_000_input.nc
390,20200422 17:55:00,20200422 18:00:00,20200422,20200422_1200,7.0,4.0,2020,04,22,1200,/data1/fog-data/fog-maps/2020/2020113/maps_20200422_1200_000_input.nc
391,20200422 23:55:00,20200423 00:00:00,20200422,20200422_1800,7.0,4.0,2020,04,22,1800,/data1/fog-data/fog-maps/2020/2020113/maps_20200422_1800_000_input.nc
392,20200423 05:55:00,20200423 06:00:00,20200423,20200423_0000,7.0,4.0,2020,04,23,0000,/data1/fog-data/fog-maps/2020/2020114/maps_20200423_0000_000_input.nc
393,20200423 11:55:00,20200423 12:00:00,20200423,20200423_0600,1.5,1.0,2020,04,23,0600,/data1/fog-data/fog-maps/2020/2020114/maps_20200423_0600_000_input.nc
394,20200423 17:55:00,20200423 18:00:00,20200423,20200423_1200,10.0,4.0,2020,04,23,1200,/data1/fog-data/fog-maps/2020/2020114/maps_20200423_1200_000_input.nc
395,20200423 23:55:00,20200424 00:00:00,20200423,20200423_1800,10.0,4.0,2020,04,23,1800,/data1/fog-data/fog-maps/2020/2020114/maps_20200423_1800_000_input.nc
396,20200424 05:55:00,20200424 06:00:00,20200424,20200424_0000,10.0,4.0,2020,04,24,0000,/data1/fog-data/fog-maps/2020/2020115/maps_20200424_0000_000_input.nc
397,20200424 11:55:00,20200424 12:00:00,20200424,20200424_0600,5.0,3.0,2020,04,24,0600,/data1/fog-data/fog-maps/2020/2020115/maps_20200424_0600_000_input.nc
398,20200424 17:55:00,20200424 18:00:00,20200424,20200424_1200,10.0,4.0,2020,04,24,1200,/data1/fog-data/fog-maps/2020/2020115/maps_20200424_1200_000_input.nc
399,20200424 23:55:00,20200425 00:00:00,20200424,20200424_1800,10.0,4.0,2020,04,24,1800,/data1/fog-data/fog-maps/2020/2020115/maps_20200424_1800_000_input.nc
400,20200425 05:55:00,20200425 06:00:00,20200425,20200425_0000,7.0,4.0,2020,04,25,0000,/data1/fog-data/fog-maps/2020/2020116/maps_20200425_0000_000_input.nc
401,20200425 11:55:00,20200425 12:00:00,20200425,20200425_0600,10.0,4.0,2020,04,25,0600,/data1/fog-data/fog-maps/2020/2020116/maps_20200425_0600_000_input.nc
402,20200425 17:55:00,20200425 18:00:00,20200425,20200425_1200,10.0,4.0,2020,04,25,1200,/data1/fog-data/fog-maps/2020/2020116/maps_20200425_1200_000_input.nc
403,20200425 23:55:00,20200426 00:00:00,20200425,20200425_1800,10.0,4.0,2020,04,25,1800,/data1/fog-data/fog-maps/2020/2020116/maps_20200425_1800_000_input.nc
404,20200426 05:55:00,20200426 06:00:00,20200426,20200426_0000,10.0,4.0,2020,04,26,0000,/data1/fog-data/fog-maps/2020/2020117/maps_20200426_0000_000_input.nc
405,20200426 11:55:00,20200426 12:00:00,20200426,20200426_0600,10.0,4.0,2020,04,26,0600,/data1/fog-data/fog-maps/2020/2020117/maps_20200426_0600_000_input.nc
406,20200426 17:55:00,20200426 18:00:00,20200426,20200426_1200,10.0,4.0,2020,04,26,1200,/data1/fog-data/fog-maps/2020/2020117/maps_20200426_1200_000_input.nc
407,20200426 23:55:00,20200427 00:00:00,20200426,20200426_1800,10.0,4.0,2020,04,26,1800,/data1/fog-data/fog-maps/2020/2020117/maps_20200426_1800_000_input.nc
408,20200428 05:55:00,20200428 06:00:00,20200428,20200428_0000,10.0,4.0,2020,04,28,0000,/data1/fog-data/fog-maps/2020/2020119/maps_20200428_0000_000_input.nc
409,20200428 11:55:00,20200428 12:00:00,20200428,20200428_0600,7.0,4.0,2020,04,28,0600,/data1/fog-data/fog-maps/2020/2020119/maps_20200428_0600_000_input.nc
410,20200428 17:55:00,20200428 18:00:00,20200428,20200428_1200,10.0,4.0,2020,04,28,1200,/data1/fog-data/fog-maps/2020/2020119/maps_20200428_1200_000_input.nc
411,20200428 23:55:00,20200429 00:00:00,20200428,20200428_1800,7.0,4.0,2020,04,28,1800,/data1/fog-data/fog-maps/2020/2020119/maps_20200428_1800_000_input.nc
412,20200429 05:55:00,20200429 06:00:00,20200429,20200429_0000,10.0,4.0,2020,04,29,0000,/data1/fog-data/fog-maps/2020/2020120/maps_20200429_0000_000_input.nc
413,20200429 11:55:00,20200429 12:00:00,20200429,20200429_0600,7.0,4.0,2020,04,29,0600,/data1/fog-data/fog-maps/2020/2020120/maps_20200429_0600_000_input.nc
414,20200429 17:55:00,20200429 18:00:00,20200429,20200429_1200,10.0,4.0,2020,04,29,1200,/data1/fog-data/fog-maps/2020/2020120/maps_20200429_1200_000_input.nc
415,20200429 23:55:00,20200430 00:00:00,20200429,20200429_1800,10.0,4.0,2020,04,29,1800,/data1/fog-data/fog-maps/2020/2020120/maps_20200429_1800_000_input.nc
416,20200430 05:55:00,20200430 06:00:00,20200430,20200430_0000,10.0,4.0,2020,04,30,0000,/data1/fog-data/fog-maps/2020/2020121/maps_20200430_0000_000_input.nc
417,20200430 11:55:00,20200430 12:00:00,20200430,20200430_0600,10.0,4.0,2020,04,30,0600,/data1/fog-data/fog-maps/2020/2020121/maps_20200430_0600_000_input.nc
418,20200430 17:55:00,20200430 18:00:00,20200430,20200430_1200,10.0,4.0,2020,04,30,1200,/data1/fog-data/fog-maps/2020/2020121/maps_20200430_1200_000_input.nc
419,20200430 23:55:00,20200501 00:00:00,20200430,20200430_1800,10.0,4.0,2020,04,30,1800,/data1/fog-data/fog-maps/2020/2020121/maps_20200430_1800_000_input.nc
420,20200501 05:55:00,20200501 06:00:00,20200501,20200501_0000,10.0,4.0,2020,05,01,0000,/data1/fog-data/fog-maps/2020/2020122/maps_20200501_0000_000_input.nc
421,20200501 11:55:00,20200501 12:00:00,20200501,20200501_0600,10.0,4.0,2020,05,01,0600,/data1/fog-data/fog-maps/2020/2020122/maps_20200501_0600_000_input.nc
422,20200501 17:55:00,20200501 18:00:00,20200501,20200501_1200,10.0,4.0,2020,05,01,1200,/data1/fog-data/fog-maps/2020/2020122/maps_20200501_1200_000_input.nc
423,20200501 23:55:00,20200502 00:00:00,20200501,20200501_1800,10.0,4.0,2020,05,01,1800,/data1/fog-data/fog-maps/2020/2020122/maps_20200501_1800_000_input.nc
424,20200502 05:55:00,20200502 06:00:00,20200502,20200502_0000,10.0,4.0,2020,05,02,0000,/data1/fog-data/fog-maps/2020/2020123/maps_20200502_0000_000_input.nc
425,20200502 11:55:00,20200502 12:00:00,20200502,20200502_0600,10.0,4.0,2020,05,02,0600,/data1/fog-data/fog-maps/2020/2020123/maps_20200502_0600_000_input.nc
426,20200502 17:55:00,20200502 18:00:00,20200502,20200502_1200,10.0,4.0,2020,05,02,1200,/data1/fog-data/fog-maps/2020/2020123/maps_20200502_1200_000_input.nc
427,20200502 23:55:00,20200503 00:00:00,20200502,20200502_1800,10.0,4.0,2020,05,02,1800,/data1/fog-data/fog-maps/2020/2020123/maps_20200502_1800_000_input.nc
428,20200503 05:55:00,20200503 06:00:00,20200503,20200503_0000,10.0,4.0,2020,05,03,0000,/data1/fog-data/fog-maps/2020/2020124/maps_20200503_0000_000_input.nc
429,20200503 11:55:00,20200503 12:00:00,20200503,20200503_0600,10.0,4.0,2020,05,03,0600,/data1/fog-data/fog-maps/2020/2020124/maps_20200503_0600_000_input.nc
430,20200503 17:55:00,20200503 18:00:00,20200503,20200503_1200,10.0,4.0,2020,05,03,1200,/data1/fog-data/fog-maps/2020/2020124/maps_20200503_1200_000_input.nc
431,20200503 23:55:00,20200504 00:00:00,20200503,20200503_1800,10.0,4.0,2020,05,03,1800,/data1/fog-data/fog-maps/2020/2020124/maps_20200503_1800_000_input.nc
432,20200504 05:55:00,20200504 06:00:00,20200504,20200504_0000,10.0,4.0,2020,05,04,0000,/data1/fog-data/fog-maps/2020/2020125/maps_20200504_0000_000_input.nc
433,20200504 11:55:00,20200504 12:00:00,20200504,20200504_0600,10.0,4.0,2020,05,04,0600,/data1/fog-data/fog-maps/2020/2020125/maps_20200504_0600_000_input.nc
434,20200504 17:55:00,20200504 18:00:00,20200504,20200504_1200,10.0,4.0,2020,05,04,1200,/data1/fog-data/fog-maps/2020/2020125/maps_20200504_1200_000_input.nc
435,20200504 23:55:00,20200505 00:00:00,20200504,20200504_1800,10.0,4.0,2020,05,04,1800,/data1/fog-data/fog-maps/2020/2020125/maps_20200504_1800_000_input.nc
436,20200505 05:55:00,20200505 06:00:00,20200505,20200505_0000,10.0,4.0,2020,05,05,0000,/data1/fog-data/fog-maps/2020/2020126/maps_20200505_0000_000_input.nc
437,20200505 11:55:00,20200505 12:00:00,20200505,20200505_0600,7.0,4.0,2020,05,05,0600,/data1/fog-data/fog-maps/2020/2020126/maps_20200505_0600_000_input.nc
438,20200505 17:55:00,20200505 18:00:00,20200505,20200505_1200,10.0,4.0,2020,05,05,1200,/data1/fog-data/fog-maps/2020/2020126/maps_20200505_1200_000_input.nc
439,20200505 23:55:00,20200506 00:00:00,20200505,20200505_1800,10.0,4.0,2020,05,05,1800,/data1/fog-data/fog-maps/2020/2020126/maps_20200505_1800_000_input.nc
440,20200506 05:55:00,20200506 06:00:00,20200506,20200506_0000,10.0,4.0,2020,05,06,0000,/data1/fog-data/fog-maps/2020/2020127/maps_20200506_0000_000_input.nc
441,20200506 11:55:00,20200506 12:00:00,20200506,20200506_0600,10.0,4.0,2020,05,06,0600,/data1/fog-data/fog-maps/2020/2020127/maps_20200506_0600_000_input.nc
442,20200506 17:55:00,20200506 18:00:00,20200506,20200506_1200,10.0,4.0,2020,05,06,1200,/data1/fog-data/fog-maps/2020/2020127/maps_20200506_1200_000_input.nc
443,20200506 23:55:00,20200507 00:00:00,20200506,20200506_1800,10.0,4.0,2020,05,06,1800,/data1/fog-data/fog-maps/2020/2020127/maps_20200506_1800_000_input.nc
444,20200507 05:55:00,20200507 06:00:00,20200507,20200507_0000,10.0,4.0,2020,05,07,0000,/data1/fog-data/fog-maps/2020/2020128/maps_20200507_0000_000_input.nc
445,20200507 11:55:00,20200507 12:00:00,20200507,20200507_0600,10.0,4.0,2020,05,07,0600,/data1/fog-data/fog-maps/2020/2020128/maps_20200507_0600_000_input.nc
446,20200507 17:55:00,20200507 18:00:00,20200507,20200507_1200,10.0,4.0,2020,05,07,1200,/data1/fog-data/fog-maps/2020/2020128/maps_20200507_1200_000_input.nc
447,20200507 23:55:00,20200508 00:00:00,20200507,20200507_1800,10.0,4.0,2020,05,07,1800,/data1/fog-data/fog-maps/2020/2020128/maps_20200507_1800_000_input.nc
448,20200508 05:55:00,20200508 06:00:00,20200508,20200508_0000,10.0,4.0,2020,05,08,0000,/data1/fog-data/fog-maps/2020/2020129/maps_20200508_0000_000_input.nc
449,20200508 11:55:00,20200508 12:00:00,20200508,20200508_0600,10.0,4.0,2020,05,08,0600,/data1/fog-data/fog-maps/2020/2020129/maps_20200508_0600_000_input.nc
450,20200508 17:55:00,20200508 18:00:00,20200508,20200508_1200,10.0,4.0,2020,05,08,1200,/data1/fog-data/fog-maps/2020/2020129/maps_20200508_1200_000_input.nc
451,20200508 23:55:00,20200509 00:00:00,20200508,20200508_1800,10.0,4.0,2020,05,08,1800,/data1/fog-data/fog-maps/2020/2020129/maps_20200508_1800_000_input.nc
452,20200510 05:55:00,20200510 06:00:00,20200510,20200510_0000,10.0,4.0,2020,05,10,0000,/data1/fog-data/fog-maps/2020/2020131/maps_20200510_0000_000_input.nc
453,20200510 11:55:00,20200510 12:00:00,20200510,20200510_0600,10.0,4.0,2020,05,10,0600,/data1/fog-data/fog-maps/2020/2020131/maps_20200510_0600_000_input.nc
454,20200510 17:55:00,20200510 18:00:00,20200510,20200510_1200,10.0,4.0,2020,05,10,1200,/data1/fog-data/fog-maps/2020/2020131/maps_20200510_1200_000_input.nc
455,20200510 23:55:00,20200511 00:00:00,20200510,20200510_1800,10.0,4.0,2020,05,10,1800,/data1/fog-data/fog-maps/2020/2020131/maps_20200510_1800_000_input.nc
456,20200511 05:55:00,20200511 06:00:00,20200511,20200511_0000,10.0,4.0,2020,05,11,0000,/data1/fog-data/fog-maps/2020/2020132/maps_20200511_0000_000_input.nc
457,20200511 11:55:00,20200511 12:00:00,20200511,20200511_0600,10.0,4.0,2020,05,11,0600,/data1/fog-data/fog-maps/2020/2020132/maps_20200511_0600_000_input.nc
458,20200511 17:55:00,20200511 18:00:00,20200511,20200511_1200,10.0,4.0,2020,05,11,1200,/data1/fog-data/fog-maps/2020/2020132/maps_20200511_1200_000_input.nc
459,20200511 23:55:00,20200512 00:00:00,20200511,20200511_1800,10.0,4.0,2020,05,11,1800,/data1/fog-data/fog-maps/2020/2020132/maps_20200511_1800_000_input.nc
460,20200512 05:55:00,20200512 06:00:00,20200512,20200512_0000,10.0,4.0,2020,05,12,0000,/data1/fog-data/fog-maps/2020/2020133/maps_20200512_0000_000_input.nc
461,20200512 11:55:00,20200512 12:00:00,20200512,20200512_0600,10.0,4.0,2020,05,12,0600,/data1/fog-data/fog-maps/2020/2020133/maps_20200512_0600_000_input.nc
462,20200512 17:55:00,20200512 18:00:00,20200512,20200512_1200,10.0,4.0,2020,05,12,1200,/data1/fog-data/fog-maps/2020/2020133/maps_20200512_1200_000_input.nc
463,20200512 23:55:00,20200513 00:00:00,20200512,20200512_1800,10.0,4.0,2020,05,12,1800,/data1/fog-data/fog-maps/2020/2020133/maps_20200512_1800_000_input.nc
464,20200513 05:55:00,20200513 06:00:00,20200513,20200513_0000,10.0,4.0,2020,05,13,0000,/data1/fog-data/fog-maps/2020/2020134/maps_20200513_0000_000_input.nc
465,20200513 11:55:00,20200513 12:00:00,20200513,20200513_0600,10.0,4.0,2020,05,13,0600,/data1/fog-data/fog-maps/2020/2020134/maps_20200513_0600_000_input.nc
466,20200513 17:55:00,20200513 18:00:00,20200513,20200513_1200,10.0,4.0,2020,05,13,1200,/data1/fog-data/fog-maps/2020/2020134/maps_20200513_1200_000_input.nc
467,20200513 23:55:00,20200514 00:00:00,20200513,20200513_1800,10.0,4.0,2020,05,13,1800,/data1/fog-data/fog-maps/2020/2020134/maps_20200513_1800_000_input.nc
468,20200518 05:55:00,20200518 06:00:00,20200518,20200518_0000,10.0,4.0,2020,05,18,0000,/data1/fog-data/fog-maps/2020/2020139/maps_20200518_0000_000_input.nc
469,20200518 11:55:00,20200518 12:00:00,20200518,20200518_0600,10.0,4.0,2020,05,18,0600,/data1/fog-data/fog-maps/2020/2020139/maps_20200518_0600_000_input.nc
470,20200518 17:55:00,20200518 18:00:00,20200518,20200518_1200,10.0,4.0,2020,05,18,1200,/data1/fog-data/fog-maps/2020/2020139/maps_20200518_1200_000_input.nc
471,20200518 23:55:00,20200519 00:00:00,20200518,20200518_1800,10.0,4.0,2020,05,18,1800,/data1/fog-data/fog-maps/2020/2020139/maps_20200518_1800_000_input.nc
472,20200519 05:55:00,20200519 06:00:00,20200519,20200519_0000,10.0,4.0,2020,05,19,0000,/data1/fog-data/fog-maps/2020/2020140/maps_20200519_0000_000_input.nc
473,20200519 11:55:00,20200519 12:00:00,20200519,20200519_0600,10.0,4.0,2020,05,19,0600,/data1/fog-data/fog-maps/2020/2020140/maps_20200519_0600_000_input.nc
474,20200519 17:55:00,20200519 18:00:00,20200519,20200519_1200,10.0,4.0,2020,05,19,1200,/data1/fog-data/fog-maps/2020/2020140/maps_20200519_1200_000_input.nc
475,20200519 23:55:00,20200520 00:00:00,20200519,20200519_1800,7.0,4.0,2020,05,19,1800,/data1/fog-data/fog-maps/2020/2020140/maps_20200519_1800_000_input.nc
476,20200521 05:55:00,20200521 06:00:00,20200521,20200521_0000,10.0,4.0,2020,05,21,0000,/data1/fog-data/fog-maps/2020/2020142/maps_20200521_0000_000_input.nc
477,20200521 11:55:00,20200521 12:00:00,20200521,20200521_0600,7.0,4.0,2020,05,21,0600,/data1/fog-data/fog-maps/2020/2020142/maps_20200521_0600_000_input.nc
478,20200521 17:55:00,20200521 18:00:00,20200521,20200521_1200,7.0,4.0,2020,05,21,1200,/data1/fog-data/fog-maps/2020/2020142/maps_20200521_1200_000_input.nc
479,20200521 23:55:00,20200522 00:00:00,20200521,20200521_1800,7.0,4.0,2020,05,21,1800,/data1/fog-data/fog-maps/2020/2020142/maps_20200521_1800_000_input.nc
480,20200523 05:55:00,20200523 06:00:00,20200523,20200523_0000,7.0,4.0,2020,05,23,0000,/data1/fog-data/fog-maps/2020/2020144/maps_20200523_0000_000_input.nc
481,20200523 11:55:00,20200523 12:00:00,20200523,20200523_0600,7.0,4.0,2020,05,23,0600,/data1/fog-data/fog-maps/2020/2020144/maps_20200523_0600_000_input.nc
482,20200523 17:55:00,20200523 18:00:00,20200523,20200523_1200,10.0,4.0,2020,05,23,1200,/data1/fog-data/fog-maps/2020/2020144/maps_20200523_1200_000_input.nc
483,20200523 23:55:00,20200524 00:00:00,20200523,20200523_1800,10.0,4.0,2020,05,23,1800,/data1/fog-data/fog-maps/2020/2020144/maps_20200523_1800_000_input.nc
484,20200524 05:55:00,20200524 06:00:00,20200524,20200524_0000,10.0,4.0,2020,05,24,0000,/data1/fog-data/fog-maps/2020/2020145/maps_20200524_0000_000_input.nc
485,20200524 11:55:00,20200524 12:00:00,20200524,20200524_0600,10.0,4.0,2020,05,24,0600,/data1/fog-data/fog-maps/2020/2020145/maps_20200524_0600_000_input.nc
486,20200524 17:55:00,20200524 18:00:00,20200524,20200524_1200,10.0,4.0,2020,05,24,1200,/data1/fog-data/fog-maps/2020/2020145/maps_20200524_1200_000_input.nc
487,20200524 23:55:00,20200525 00:00:00,20200524,20200524_1800,10.0,4.0,2020,05,24,1800,/data1/fog-data/fog-maps/2020/2020145/maps_20200524_1800_000_input.nc
488,20200526 05:55:00,20200526 06:00:00,20200526,20200526_0000,10.0,4.0,2020,05,26,0000,/data1/fog-data/fog-maps/2020/2020147/maps_20200526_0000_000_input.nc
489,20200526 11:55:00,20200526 12:00:00,20200526,20200526_0600,10.0,4.0,2020,05,26,0600,/data1/fog-data/fog-maps/2020/2020147/maps_20200526_0600_000_input.nc
490,20200526 17:55:00,20200526 18:00:00,20200526,20200526_1200,10.0,4.0,2020,05,26,1200,/data1/fog-data/fog-maps/2020/2020147/maps_20200526_1200_000_input.nc
491,20200526 23:55:00,20200527 00:00:00,20200526,20200526_1800,10.0,4.0,2020,05,26,1800,/data1/fog-data/fog-maps/2020/2020147/maps_20200526_1800_000_input.nc
492,20200527 05:55:00,20200527 06:00:00,20200527,20200527_0000,10.0,4.0,2020,05,27,0000,/data1/fog-data/fog-maps/2020/2020148/maps_20200527_0000_000_input.nc
493,20200527 11:55:00,20200527 12:00:00,20200527,20200527_0600,10.0,4.0,2020,05,27,0600,/data1/fog-data/fog-maps/2020/2020148/maps_20200527_0600_000_input.nc
494,20200527 17:55:00,20200527 18:00:00,20200527,20200527_1200,10.0,4.0,2020,05,27,1200,/data1/fog-data/fog-maps/2020/2020148/maps_20200527_1200_000_input.nc
495,20200527 23:55:00,20200528 00:00:00,20200527,20200527_1800,10.0,4.0,2020,05,27,1800,/data1/fog-data/fog-maps/2020/2020148/maps_20200527_1800_000_input.nc
496,20200529 05:55:00,20200529 06:00:00,20200529,20200529_0000,10.0,4.0,2020,05,29,0000,/data1/fog-data/fog-maps/2020/2020150/maps_20200529_0000_000_input.nc
497,20200529 11:55:00,20200529 12:00:00,20200529,20200529_0600,10.0,4.0,2020,05,29,0600,/data1/fog-data/fog-maps/2020/2020150/maps_20200529_0600_000_input.nc
498,20200529 17:55:00,20200529 18:00:00,20200529,20200529_1200,10.0,4.0,2020,05,29,1200,/data1/fog-data/fog-maps/2020/2020150/maps_20200529_1200_000_input.nc
499,20200529 23:55:00,20200530 00:00:00,20200529,20200529_1800,10.0,4.0,2020,05,29,1800,/data1/fog-data/fog-maps/2020/2020150/maps_20200529_1800_000_input.nc
